Kmax,Ku,n,halfmax,Vhalf,slope
51710,0.02524,0.8155,434100000,-19.92,0.0001191
62400,0.03481,0.7674,254600000,-63.28,0.0002451
106700,0.01187,0.6208,102700000,-57.5,0.001039
59620,0.04125,0.8143,411100000,-63.4,0.000145
67770,0.02837,0.7847,377500000,-49.01,0.0001795
41770,0.01145,0.724,152500000,-7.881,0.0002739
30140,0.05237,0.7668,140500000,-64.02,0.0002145
63250,0.02597,0.8139,5.25e+08,-62.37,0.0001205
98620,0.01951,0.7392,358100000,-66.1,0.0002754
65800,0.01384,0.7024,161900000,-15.84,0.0004064
8.478,0.01096,0.7924,51390,-11.37,0.000165
50990,0.02052,0.7806,286800000,-71.56,0.0001778
58840,0.02989,0.8301,536600000,-13,0.0001097
279700,0.02811,0.7051,599100000,-71.15,0.0004669
105700,0.02223,0.8332,985300000,-19.13,0.0001073
51990,0.02625,0.8767,953200000,-24.27,5.454e-05
7.144,0.009602,0.831,67640,-11.47,0.0001056
80880,0.02774,0.8255,793400000,-13.95,0.0001019
92790,0.0151,0.6278,93530000,-15.81,0.0009921
186600,0.02083,0.6914,386600000,-68.26,0.0004827
34080,0.02145,0.7211,103600000,-7.963,0.000329
7.735,0.01926,0.8238,60550,-10.53,0.0001277
74820,0.04735,0.8184,636600000,-75.91,0.0001175
162100,0.01564,0.7736,939400000,-55.23,0.0001726
74710,0.02506,0.7435,272800000,-70.42,0.0002739
35980,0.01434,0.9006,913100000,-9.302,3.94e-05
55250,0.03519,0.8193,528400000,-10.42,0.0001046
21200,0.02443,0.8175,177500000,-75.74,0.0001194
80070,0.02609,0.7989,5.66e+08,-10.8,0.0001415
84710,0.02767,0.7928,443200000,-67.6,0.0001911
61580,0.02102,0.827,5.91e+08,-54.81,0.0001042
134800,0.02073,0.7067,334900000,-55.02,0.0004025
37960,0.02518,0.7826,2.31e+08,-70.68,0.0001643
48620,0.0628,0.7057,112800000,-61.1,0.000431
219200,0.01391,0.7021,498300000,-60.64,0.0004399
44370,0.02401,0.7373,138900000,-64.27,0.0003194
50.85,0.0221,1.025,4327000,-11.68,1.175e-05
42690,0.01709,0.8695,655400000,-61.72,6.514e-05
58610,0.02247,0.7478,214900000,-70.43,0.0002727
93030,0.06822,0.6855,155800000,-67.46,0.0005971
38520,0.02111,0.7974,2.42e+08,-68.45,0.0001592
581.8,0.01497,0.6899,1281000,-7.815,0.0004542
53640,0.009375,0.6858,113300000,-13.81,0.0004734
26810,0.02983,0.8245,219300000,-64.52,0.0001223
70850,0.02054,0.8431,780100000,-7.473,9.082e-05
374700,0.0178,0.6672,563700000,-59.15,0.0006647
141900,0.02175,0.7126,322900000,-51.04,0.0004395
45270,0.01496,0.6802,85010000,-13.48,0.0005325
20970,0.05216,0.8281,201500000,-12.64,0.0001041
24690,0.02985,0.8563,286200000,-14.12,8.627e-05
40650,0.02287,0.8223,403500000,-22.17,0.0001007
128700,0.03862,0.7646,542100000,-59.65,0.0002374
7.858,0.02115,0.7579,30020,-19.03,0.0002618
31.17,0.01357,0.7585,122200,-62.1,0.0002551
69740,0.02491,0.8423,819300000,-23.66,8.512e-05
57350,0.01551,0.8417,744100000,-7.499,7.707e-05
179100,0.02289,0.7582,806600000,-24.8,0.000222
65880,0.00749,0.668,120700000,-11.11,0.0005458
65450,0.02655,0.7448,209100000,-69.8,0.000313
74160,0.03139,0.7843,391700000,-63.86,0.0001893
44580,0.01882,0.858,618900000,-9.387,7.203e-05
12900,0.02504,0.6894,22270000,-69.56,0.0005793
239000,0.07837,0.6856,429100000,-59.21,0.000557
128000,0.02522,0.7739,693300000,-16.01,0.0001846
30940,0.01473,0.7177,86300000,-8.877,0.0003585
80900,0.05769,0.667,1.08e+08,-75.06,0.0007491
62000,0.02257,0.7885,371100000,-12.98,0.0001671
5.523,0.7332,0.9863,228800,-10.23,2.414e-05
20030,0.01812,0.8399,222700000,-63.52,8.994e-05
34990,0.04382,0.7261,88490000,-66.46,0.0003954
231200,0.02081,0.6917,457400000,-68.07,0.0005055
10.85,0.06476,0.8519,99260,-70.29,0.0001093
178800,0.01363,0.6755,327400000,-17.54,0.0005461
34300,0.02149,0.7743,1.74e+08,-7.037,0.0001971
5.604,0.0193,0.9409,150700,-11.1,3.719e-05
78900,0.04663,0.8382,912400000,-12.97,8.648e-05
95320,0.02176,0.7141,210900000,-64.81,0.000452
95050,0.02284,0.7589,429100000,-11.94,0.0002215
11.76,0.3813,0.919,291100,-17.63,4.04e-05
50090,0.05793,0.7433,168700000,-75.25,0.0002969
277900,0.04836,0.7358,951600000,-15.75,0.000292
293600,0.05415,0.6974,5.91e+08,-72.84,0.0004968
109600,0.04184,0.7654,469300000,-69.18,0.0002335
23.67,0.009599,0.7357,84820,-12.27,0.0002791
133300,0.01505,0.8147,985700000,-62.18,0.0001352
73160,0.01005,0.6825,156300000,-11.89,0.0004681
88430,0.01912,0.7801,4.83e+08,-38.79,0.0001831
120800,0.02205,0.709,286200000,-67.85,0.0004221
100100,0.05518,0.7397,347500000,-75.37,0.0002881
73600,0.02471,0.7727,374600000,-66.79,0.0001965
48440,0.01665,0.842,511600000,-14.72,9.468e-05
79250,0.02345,0.7127,205900000,-74.85,0.0003849
92640,0.02443,0.7322,298700000,-68.67,0.0003101
45480,0.04093,0.82,417500000,-48.18,0.0001089
11150,0.05186,0.7964,73600000,-14.44,0.0001515
89770,0.05752,0.7455,341400000,-65.18,0.0002629
142200,0.02416,0.7463,486900000,-72.09,0.0002921
12.79,0.03659,0.9851,625900,-49.75,2.043e-05
154300,0.01818,0.7498,5.97e+08,-54.11,0.0002585
134100,0.02514,0.6958,279300000,-71.43,0.0004801
220000,0.02202,0.6741,345100000,-65.34,0.0006375
144500,0.01378,0.6753,255200000,-9.972,0.0005662
89760,0.02393,0.7718,3.83e+08,-56.18,0.0002344
47090,0.0217,0.7762,265900000,-64.18,0.0001771
28190,0.01776,0.8304,270200000,-11.74,0.0001043
145100,0.04743,0.7839,894600000,-9.212,0.0001622
165300,0.02516,0.7432,610900000,-16.57,0.0002706
85720,0.02021,0.7989,650700000,-17.58,0.0001317
73600,0.02469,0.7773,398400000,-66.2,0.0001847
69400,0.07101,0.7121,159800000,-67.29,0.0004343
96530,0.03136,0.814,797800000,-17.53,0.000121
143100,0.01544,0.7618,6.8e+08,-61.5,0.0002104
43.83,0.03093,0.7559,185100,-9.859,0.0002368
71820,0.02269,0.7823,423800000,-9.397,0.0001695
250900,0.02337,0.68,419300000,-69.47,0.0005984
74560,0.02529,0.8033,520600000,-63.03,0.0001432
155800,0.03514,0.791,958500000,-58.26,0.0001625
60950,0.02025,0.8357,638100000,-18.46,9.552e-05
117600,0.01302,0.7214,358400000,-12.99,0.0003281
15420,0.02422,0.8421,153800000,-68.25,0.0001003
59970,0.02296,0.8155,510700000,-12.85,0.0001174
46710,0.05231,0.7885,291200000,-47.11,0.0001604
53340,0.05871,0.6957,109700000,-67.75,0.0004862
36330,0.02394,0.7571,1.57e+08,-14.21,0.0002314
55600,0.01067,0.7012,139600000,-7.63,0.0003983
16.01,0.04947,0.7296,45050,-12.74,0.0003554
43010,0.009297,0.6982,107100000,-15.18,0.0004016
19.77,0.01311,0.7726,96920,-12.05,0.000204
11.06,0.01788,0.8216,86360,-15.06,0.0001281
284100,0.0474,0.7348,920800000,-15.02,0.0003085
82440,0.05252,0.7809,469400000,-62.58,0.0001756
68540,0.01056,0.7272,243300000,-6.817,0.0002817
76810,0.02066,0.7511,308700000,-64.48,0.0002488
65260,0.01169,0.7837,453100000,-7.57,0.000144
65190,0.0595,0.7251,176100000,-80.88,0.0003702
146300,0.0191,0.7797,834500000,-38.02,0.0001753
73610,0.01292,0.8234,754300000,-10.84,9.759e-05
161900,0.02322,0.7254,4.78e+08,-62.21,0.0003387
40290,0.01688,0.8993,935100000,-12.65,4.309e-05
103000,0.01519,0.7827,558300000,-8.73,0.0001845
129800,0.01175,0.7565,680800000,-8.318,0.0001907
65740,0.02817,0.7355,219300000,-54.9,0.0002998
13.97,0.02229,0.9811,610000,-70.11,2.29e-05
29240,0.01667,0.8682,4.58e+08,-8.415,6.384e-05
20500,0.01199,0.6723,34790000,-11.43,0.0005892
152400,0.02536,0.6962,3.23e+08,-62.42,0.0004718
108600,0.02545,0.7896,671900000,-23.99,0.0001616
68250,0.01176,0.8263,756500000,-8.404,9.022e-05
87960,0.04595,0.7823,475500000,-71.86,0.000185
119100,0.009942,0.738,473700000,-13.74,0.0002514
41270,0.01257,0.7238,131200000,-18.62,0.0003146
123300,0.01008,0.632,144600000,-15.92,0.0008527
144300,0.03183,0.7214,361100000,-61.23,0.0003996
102400,0.0247,0.7759,481900000,-57.04,0.0002125
57370,0.03276,0.733,183500000,-68.8,0.0003126
6.025,0.01337,0.9002,88190,-64.29,6.832e-05
214600,0.01406,0.7348,712600000,-61.7,0.0003012
185300,0.0488,0.7266,537400000,-73.79,0.0003448
90180,0.01082,0.6822,192200000,-11.57,0.0004692
366400,0.02054,0.6761,562400000,-67.44,0.0006515
29970,0.02176,0.7846,160200000,-74.34,0.0001871
10810,0.03706,0.891,216100000,-68.42,5.002e-05
159500,0.0528,0.7724,808400000,-54.18,0.0001973
78300,0.02312,0.8276,795700000,-19.86,9.84e-05
44010,0.01213,0.7506,190900000,-12.03,0.0002305
141700,0.02772,0.781,803400000,-34.92,0.0001764
141100,0.01172,0.6605,227100000,-10.08,0.0006213
72120,0.03805,0.7104,158200000,-71.08,0.0004559
96230,0.01955,0.7369,334500000,-53.99,0.0002877
118200,0.009954,0.6989,301800000,-60.36,0.0003917
40440,0.03422,0.7478,148800000,-69.79,0.0002718
41690,0.01733,0.8748,738600000,-12.24,5.644e-05
22870,0.01483,0.946,957900000,-7.103,2.388e-05
118400,0.01482,0.6987,2.73e+08,-18.22,0.0004337
112700,0.0533,0.7256,315800000,-71.21,0.0003569
114000,0.02279,0.7489,455400000,-18.08,0.0002503
8.566,0.04596,0.9853,328100,-50.2,2.611e-05
88750,0.01226,0.7105,224800000,-10.34,0.0003948
140600,0.02184,0.7444,554500000,-15.04,0.0002536
182200,0.01017,0.7143,487700000,-16,0.0003736
5357,0.01123,0.7386,22260000,-10.69,0.0002407
73990,0.04645,0.7838,3.99e+08,-43.58,0.0001854
171400,0.01557,0.775,969500000,-60.73,0.0001768
61630,0.01155,0.7064,165800000,-8.249,0.0003717
28590,0.0156,0.9163,901400000,-7.189,3.172e-05
64830,0.0112,0.7351,247300000,-11.52,0.0002622
4.845,0.3119,1.003,205900,-13.76,2.353e-05
181500,0.01926,0.657,228700000,-70.1,0.0007936
134600,0.02198,0.8091,996300000,-17.56,0.0001351
76690,0.05635,0.7343,255700000,-56.6,0.0002999
54960,0.02241,0.7659,267400000,-64.38,0.0002055
13.65,0.4441,0.8513,142100,-14.32,9.606e-05
158200,0.05361,0.6683,208900000,-75.67,0.0007573
114700,0.01547,0.7931,724500000,-62.83,0.0001583
10.88,0.01803,0.7627,42470,-11.71,0.0002562
75240,0.02818,0.7474,304200000,-16.95,0.0002473
135600,0.02133,0.7052,294400000,-50.69,0.0004606
114600,0.02528,0.8078,890700000,-20.13,0.0001287
60470,0.02928,0.7079,145800000,-67,0.0004147
43770,0.0139,0.8707,732800000,-11,5.973e-05
32.28,0.02205,0.8933,597900,-59.71,5.399e-05
14.73,0.03306,0.7004,30520,-18.52,0.0004826
78030,0.01359,0.7865,459400000,-64.07,0.0001699
71950,0.01797,0.7951,570400000,-10.39,0.0001261
152200,0.009838,0.6881,336100000,-14.11,0.0004528
158900,0.04691,0.7137,362400000,-72.18,0.0004385
2468,0.05175,0.8258,27360000,-12.45,9.02e-05
16.47,0.00965,0.7897,108600,-10.3,0.0001517
181300,0.02308,0.7503,746200000,-50.16,0.000243
190700,0.02567,0.7422,687700000,-15.81,0.0002773
69220,0.02213,0.7154,178100000,-64.14,0.0003887
87640,0.03831,0.7758,381200000,-64.15,0.0002299
132800,0.04652,0.8139,998600000,-11.52,0.000133
86430,0.01208,0.6724,149700000,-22.01,0.0005774
17850,0.01387,0.739,68620000,-12.45,0.0002601
43360,0.02144,0.8354,471700000,-15.05,9.192e-05
25130,0.03493,0.8316,231200000,-63.78,0.0001087
62280,0.02208,0.7175,163100000,-64.58,0.0003819
145900,0.01199,0.7299,533500000,-9.239,0.0002735
71810,0.05237,0.7808,340900000,-71.54,0.0002106
6.534,0.5336,0.9149,112700,-21.43,5.798e-05
195300,0.009739,0.6465,248400000,-15.45,0.0007862
60290,0.0451,0.8211,537400000,-61.45,0.0001122
152100,0.02299,0.7424,566500000,-9.9,0.0002685
43280,0.03132,0.767,182700000,-63.74,0.0002369
55620,0.03326,0.7524,221100000,-75.43,0.0002516
306600,0.01985,0.6973,648300000,-72.13,0.0004729
23390,0.01557,0.919,721900000,-7.094,3.24e-05
94230,0.00931,0.7833,671400000,-13.34,0.0001403
220700,0.04689,0.7541,879500000,-17.63,0.0002509
686800,0.04557,0.6541,848600000,-66.75,0.0008093
135500,0.01505,0.6981,311400000,-52.44,0.0004351
4.344,0.07679,0.9922,159300,-12.72,2.727e-05
23850,0.02164,0.9236,611200000,-70.94,3.902e-05
80360,0.01429,0.7894,486400000,-11.15,0.0001652
136700,0.03987,0.7693,565900000,-75.26,0.0002416
49240,0.02368,0.8688,781200000,-10.2,6.303e-05
23450,0.01,0.6527,32690000,-13.4,0.0007173
28680,0.01481,0.9104,769400000,-8.603,3.728e-05
80200,0.01176,0.7009,211300000,-6.09,0.0003796
53530,0.01487,0.8647,867600000,-9.203,6.17e-05
65350,0.01528,0.8146,486300000,-55.3,0.0001344
121800,0.02624,0.8018,861600000,-27.27,0.0001414
37080,0.0104,0.827,439400000,-7.204,8.439e-05
156800,0.008796,0.6881,377800000,-15.24,0.000415
45860,0.01171,0.7982,350700000,-9.372,0.0001308
54050,0.0262,0.7549,206800000,-69.59,0.0002614
75000,0.03045,0.7768,335100000,-61.66,0.0002238
34850,0.01472,0.9064,860900000,-9.382,4.048e-05
238600,0.02468,0.708,544300000,-64.59,0.0004384
72580,0.01552,0.6994,188600000,-10.05,0.0003848
99830,0.04739,0.8202,938900000,-9.233,0.0001063
42240,0.02271,0.8062,2.94e+08,-71.95,0.0001437
14.94,0.02482,0.8699,202100,-70.98,7.392e-05
13660,0.03137,0.8582,182500000,-67.22,7.485e-05
43620,0.04636,0.7885,2.55e+08,-14.48,0.0001711
30040,0.02135,0.7169,75110000,-70.19,0.0003999
42150,0.01597,0.8979,998800000,-61.54,4.22e-05
15.34,0.01164,0.78,85500,-12.67,0.0001794
102600,0.0249,0.8053,809300000,-19.32,0.0001268
97090,0.0206,0.7623,4.64e+08,-14.9,0.0002092
46880,0.0189,0.7915,294200000,-60.02,0.0001593
32980,0.01505,0.769,174100000,-8.364,0.0001894
41800,0.01754,0.8646,615800000,-11.78,6.788e-05
22270,0.01773,0.8364,232600000,-61.05,9.574e-05
98290,0.01143,0.764,560800000,-9.355,0.0001753
110200,0.02623,0.8194,984700000,-28.13,0.0001119
112500,0.0154,0.7293,375200000,-60.79,0.0002998
41150,0.02326,0.8049,330500000,-9.632,0.0001245
74640,0.01332,0.7844,469200000,-11.21,0.0001591
284300,0.01382,0.6782,560900000,-15.23,0.0005069
84270,0.01567,0.741,287300000,-60.79,0.0002933
57570,0.008776,0.7426,238900000,-10.23,0.000241
9.545,0.02728,0.8324,91580,-10.2,0.0001042
157600,0.02614,0.7886,930200000,-27.3,0.0001694
217900,0.02154,0.7277,700400000,-16.91,0.0003111
106800,0.0359,0.7626,505600000,-58.01,0.0002112
233500,0.02841,0.6907,422600000,-71.13,0.0005525
174700,0.02617,0.7685,842100000,-16.72,0.0002075
62340,0.035,0.7562,2.77e+08,-20.75,0.0002251
84460,0.01467,0.8186,7.41e+08,-9.295,0.000114
59800,0.01273,0.7025,152600000,-16.9,0.0003919
11.67,0.08082,0.9667,473300,-12.53,2.466e-05
149900,0.01374,0.7742,825100000,-13.93,0.0001817
184000,0.04176,0.6628,231800000,-70.68,0.0007938
235000,0.02379,0.6909,448200000,-73.34,0.0005243
91800,0.1001,0.7059,202300000,-62.02,0.0004538
203500,0.02154,0.7112,470700000,-68.22,0.0004323
8.707,0.01364,0.8835,148300,-12.38,5.871e-05
196400,0.01079,0.6961,484700000,-11.9,0.0004052
26390,0.04793,0.7723,145300000,-9.768,0.0001816
98460,0.00807,0.6448,133100000,-11.18,0.0007397
284800,0.4557,0.6545,344500000,-49.29,0.0008267
15100,0.01807,0.6462,17170000,-61.81,0.0008794
5.459,0.01145,0.9226,128300,-11.59,4.255e-05
80330,0.02339,0.8229,818500000,-14.11,9.814e-05
80810,0.02106,0.8373,955200000,-64.3,8.46e-05
174700,0.01192,0.7194,484800000,-67.11,0.0003604
17.87,0.2837,0.7892,97190,-13.04,0.0001839
115000,0.01081,0.6936,273900000,-57,0.0004199
83870,0.02739,0.8336,876300000,-18.46,9.571e-05
27120,0.009728,0.627,28500000,-14.77,0.0009516
60600,0.05982,0.7428,222800000,-68.61,0.000272
143600,0.02905,0.7524,588400000,-69.86,0.0002441
365800,0.02122,0.6736,575700000,-70.9,0.0006354
123900,0.01958,0.7177,335300000,-55.18,0.0003695
87950,0.05268,0.7744,462900000,-53.93,0.00019
65280,0.05805,0.7794,319800000,-75.37,0.0002041
70990,0.02758,0.758,313500000,-18.15,0.0002264
167900,0.05673,0.7079,389200000,-75.44,0.0004314
78030,0.009207,0.6511,113500000,-26.26,0.0006875
46860,0.03199,0.7277,129700000,-80.49,0.0003613
48370,0.02065,0.818,468400000,-70.15,0.0001033
52380,0.01014,0.7631,274900000,-15.3,0.0001905
176800,0.01277,0.689,374500000,-14.96,0.0004721
15630,0.04655,0.7887,89050000,-77.78,0.0001755
93720,0.02762,0.821,880800000,-18.46,0.0001064
128900,0.02552,0.7674,610700000,-12.83,0.0002111
30500,0.05304,0.768,144200000,-61.63,0.0002115
178200,0.0555,0.6929,357500000,-68.97,0.0004985
113900,0.01749,0.7692,534600000,-12.79,0.0002131
94130,0.01941,0.8256,9.12e+08,-9.675,0.0001032
108800,0.02239,0.731,320700000,-75.04,0.0003393
35890,0.01602,0.7556,1.52e+08,-61.61,0.0002361
7.302,0.0219,0.9445,227000,-11.21,3.217e-05
146400,0.0214,0.7533,570200000,-55.37,0.0002568
28.32,0.009756,0.6955,65010,-11.54,0.0004356
67980,0.02873,0.746,212400000,-68.41,0.0003201
32860,0.04707,0.7661,143800000,-75.63,0.0002285
138900,0.01323,0.7167,384300000,-61.87,0.0003614
94320,0.01094,0.6955,212300000,-13.36,0.0004443
62700,0.02618,0.7678,298600000,-22.59,0.00021
136800,0.02338,0.8004,921400000,-12.53,0.0001485
76050,0.02204,0.8674,991700000,-18.45,7.669e-05
25270,0.0194,0.9525,980200000,-67.22,2.578e-05
18.71,0.01053,0.8132,167200,-10.21,0.0001119
151500,0.02252,0.7542,6.36e+08,-46.88,0.0002382
38890,0.01946,0.7316,122700000,-72.65,0.000317
77210,0.04836,0.7139,185200000,-70.25,0.0004169
96820,0.02138,0.7552,4.1e+08,-63.84,0.0002361
190300,0.04634,0.7413,602500000,-72.67,0.0003159
171500,0.02087,0.7806,886900000,-16.64,0.0001934
18.01,0.01282,0.8184,155200,-16.49,0.000116
86140,0.01542,0.746,301200000,-63.05,0.000286
121000,0.01334,0.696,273700000,-60.39,0.0004421
40260,0.02215,0.7265,118900000,-70.23,0.0003386
78730,0.01883,0.8307,775800000,-10.15,0.0001015
389100,0.0222,0.7016,903600000,-38.61,0.0004306
28320,0.02551,0.7044,56490000,-68.2,0.0005013
237500,0.01184,0.6348,2.6e+08,-12.6,0.0009135
51930,0.02267,0.8183,454800000,-43.91,0.0001142
111300,0.01167,0.7065,320700000,-9.172,0.0003471
36770,0.02516,0.7995,254600000,-12.25,0.0001444
65380,0.02845,0.7833,331200000,-16.09,0.0001974
115200,0.02247,0.8257,996600000,-15.68,0.0001156
34730,0.04816,0.8094,272700000,-70.46,0.0001274
277300,0.01515,0.6983,5.63e+08,-61.64,0.0004925
72730,0.02146,0.7496,286100000,-67.61,0.0002542
53240,0.01078,0.733,188200000,-13.94,0.0002829
6.61,0.4486,1.02,384300,-12.99,1.72e-05
117600,0.02814,0.7369,382100000,-55.22,0.0003078
15490,0.03502,0.7603,72540000,-17.5,0.0002135
79310,0.01709,0.7414,2.93e+08,-12.88,0.0002707
131700,0.04365,0.7759,672200000,-61.99,0.0001959
55650,0.01446,0.7541,260200000,-8.481,0.0002139
47610,0.0543,0.7266,141800000,-69.29,0.0003358
147400,0.02307,0.7581,578100000,-70.46,0.000255
55460,0.02511,0.7848,329300000,-10.44,0.0001684
51710,0.05115,0.7017,116700000,-9.339,0.0004431
110100,0.02527,0.7404,4.27e+08,-23.08,0.0002578
89520,0.01963,0.7706,442600000,-20.75,0.0002023
117400,0.02469,0.7592,505400000,-66.65,0.0002323
51570,0.01799,0.8321,5.38e+08,-11.24,9.586e-05
79380,0.04027,0.7504,275700000,-60.17,0.0002879
208300,0.0568,0.7134,535700000,-66.23,0.0003888
58110,0.0224,0.8866,997500000,-15.68,5.826e-05
115700,0.02554,0.7703,590900000,-21.82,0.0001958
84760,0.02615,0.7548,347600000,-16.54,0.0002438
18560,0.03171,0.8469,202300000,-62.48,9.174e-05
120500,0.02043,0.7479,484700000,-17.14,0.0002486
70710,0.01375,0.7382,259300000,-9.604,0.0002727
65550,0.0141,0.6625,98490000,-9.596,0.0006655
145100,0.008765,0.7154,431100000,-9.077,0.0003366
84370,0.03777,0.7321,236200000,-72.56,0.0003572
37660,0.01519,0.7236,99370000,-61.32,0.000379
128900,0.02088,0.7803,713700000,-7.804,0.0001806
140100,0.02129,0.7744,806900000,-18.5,0.0001736
38200,0.02824,0.8493,493200000,-11.91,7.745e-05
123500,0.008571,0.7711,7.74e+08,-16.22,0.0001596
25570,0.03051,0.9316,824400000,-20.26,3.102e-05
8269,0.01963,0.7526,33770000,-9.246,0.0002449
313700,0.04686,0.7326,964300000,-61.32,0.0003253
24390,0.01018,0.6913,52310000,-14.24,0.0004663
101900,0.02534,0.7507,378500000,-61.48,0.0002692
246600,0.00815,0.6733,484800000,-57.11,0.0005087
61350,0.02311,0.7932,439400000,-58.79,0.0001396
52.89,0.0518,0.7919,319300,-14.12,0.0001656
4442,0.01543,0.7449,16940000,-60.91,0.0002622
86940,0.02929,0.6843,155800000,-66.9,0.000558
72830,0.05571,0.6669,107700000,-68.66,0.0006762
10.47,0.04706,0.9265,233200,-17.44,4.49e-05
101500,0.0158,0.7508,4.11e+08,-60.87,0.000247
333.5,0.292,0.7778,1941000,-9.23,0.0001718
124400,0.01362,0.7384,450100000,-59.93,0.0002764
398600,0.01597,0.602,272500000,-66.22,0.001463
24210,0.02869,0.8204,230400000,-58.83,0.0001051
79280,0.01578,0.716,234100000,-15.07,0.0003387
9.912,0.01315,0.8941,173900,-53.25,5.7e-05
63640,0.01664,0.855,854800000,-14.55,7.445e-05
106500,0.03438,0.7289,303600000,-60.22,0.0003508
85980,0.04916,0.819,782900000,-16.77,0.0001098
133600,0.01881,0.7002,306300000,-67.55,0.0004362
25500,0.05835,0.7631,127400000,-7.408,0.0002002
57540,0.02081,0.8357,640900000,-22.68,8.978e-05
6.098,0.02258,0.8542,54390,-14.61,0.0001121
253100,0.05327,0.674,368800000,-75.27,0.0006863
63680,0.02863,0.7321,198200000,-69.05,0.0003213
101500,0.006921,0.6718,212700000,-11.41,0.0004772
8.153,0.2864,0.9119,157100,-9.141,5.19e-05
175700,0.01545,0.7718,959100000,-55.43,0.0001832
55840,0.01766,0.717,157900000,-11.5,0.0003536
125100,0.009478,0.6613,1.93e+08,-16.33,0.0006482
118400,0.04511,0.8104,835400000,-70.2,0.0001417
65350,0.01359,0.6913,145600000,-9.583,0.0004488
302400,0.04789,0.7333,966100000,-23.23,0.000313
75880,0.01511,0.7725,363800000,-56.19,0.0002086
43860,0.0231,0.8497,555400000,-55.69,7.897e-05
135000,0.0353,0.6324,145700000,-15.91,0.0009266
88080,0.02073,0.7473,333800000,-63.29,0.0002639
108700,0.01834,0.7792,618500000,-55.49,0.0001757
77330,0.04586,0.7519,278800000,-68.36,0.0002774
206200,0.02228,0.7216,576200000,-65.79,0.0003579
159300,0.02233,0.6944,315100000,-69.73,0.0005056
113000,0.01064,0.7634,6.14e+08,-12.4,0.000184
79330,0.04777,0.7962,523800000,-70.16,0.0001515
31580,0.04901,0.776,165800000,-28.05,0.0001905
65370,0.009049,0.732,247900000,-6.621,0.0002637
68250,0.03385,0.8282,6.73e+08,-13.25,0.0001014
148600,0.02516,0.7334,476800000,-60.55,0.0003117
214700,0.02183,0.751,932800000,-11.04,0.0002302
222900,0.04898,0.7525,987500000,-14.64,0.0002257
44220,0.01562,0.7785,259800000,-7.501,0.0001702
18540,0.01464,0.9459,763200000,-7.628,2.429e-05
143200,0.04392,0.7337,455700000,-57.65,0.0003142
174700,0.01422,0.6652,273900000,-9.617,0.0006378
25730,0.02457,0.7341,87520000,-63.25,0.000294
99340,0.02898,0.6987,203400000,-67.25,0.0004884
232800,0.02027,0.6704,382200000,-71.84,0.0006091
54650,0.04369,0.795,346800000,-58.69,0.0001576
62150,0.02979,0.7339,209200000,-14.25,0.0002971
193900,0.04855,0.7632,9.15e+08,-18.24,0.0002119
79960,0.02806,0.767,402600000,-68.98,0.0001986
46360,0.01364,0.7099,127900000,-9.293,0.0003625
137900,0.02081,0.7152,347300000,-69.53,0.0003971
59580,0.0196,0.7786,327100000,-59.54,0.0001821
97150,0.01898,0.7891,620100000,-35.64,0.0001567
36830,0.01277,0.806,303100000,-18.08,0.0001215
55570,0.01162,0.6936,129800000,-10.99,0.0004281
150600,0.0193,0.7038,355300000,-67.62,0.0004239
81970,0.02297,0.8034,6.51e+08,-16.24,0.0001259
101800,0.03016,0.7898,551500000,-65.23,0.0001846
124600,0.02178,0.7495,439200000,-58.2,0.0002837
77900,0.04402,0.7907,4.87e+08,-59.43,0.00016
541000,0.05129,0.6491,635200000,-27.36,0.0008517
58200,0.01083,0.6751,110300000,-57.37,0.0005277
56120,0.05702,0.7226,160700000,-65.29,0.0003492
45350,0.02207,0.7674,206900000,-55.59,0.0002192
34050,0.01986,0.7979,222400000,-72.4,0.0001531
30590,0.1344,0.7138,75490000,-76.54,0.0004052
13.55,0.024,0.8811,196700,-70.11,6.889e-05
21360,0.008557,0.7465,96810000,-8.733,0.0002206
58170,0.05537,0.7084,1.3e+08,-72.46,0.0004475
54150,0.02078,0.7065,133900000,-61.76,0.0004044
24630,0.01161,0.763,1.36e+08,-6.719,0.0001811
26670,0.02515,0.7926,173800000,-15.51,0.0001535
13.03,0.05023,0.8064,74630,-16.61,0.0001746
147400,0.02119,0.7806,914800000,-21.14,0.0001611
660.9,0.3624,0.7758,3193000,-14.8,0.000207
87830,0.01071,0.7636,491400000,-8.552,0.0001787
174300,0.01116,0.7531,786600000,-11.26,0.0002216
60550,0.03043,0.8291,517900000,-68.27,0.0001169
98370,0.01477,0.7567,422200000,-60.46,0.000233
157800,0.04764,0.7816,971900000,-8.327,0.0001624
206900,0.0255,0.7382,689100000,-59.21,0.0003002
184000,0.0526,0.777,971500000,-54.29,0.0001894
18620,0.01341,0.7836,126600000,-62.46,0.0001471
54600,0.09024,0.8417,550400000,-70.76,9.92e-05
200800,0.01188,0.7557,973100000,-8.941,0.0002064
168200,0.05314,0.6833,328600000,-59.38,0.0005119
17320,0.03119,0.8016,111400000,-65.41,0.0001555
81150,0.02295,0.8213,785200000,-15.35,0.0001033
38520,0.02299,0.7968,282500000,-11.03,0.0001364
73250,0.01692,0.8522,943200000,-14.18,7.766e-05
417600,0.05892,0.6921,753100000,-79.29,0.0005545
129500,0.02523,0.6745,202400000,-13.05,0.0006398
50470,0.02267,0.8346,556600000,-12.25,9.068e-05
102700,0.05542,0.6884,188800000,-74.26,0.000544
42580,0.03454,0.7543,171500000,-57.27,0.0002483
334300,0.01426,0.6951,786800000,-10.5,0.0004249
134800,0.01696,0.7994,9.62e+08,-55.35,0.0001401
167600,0.05693,0.7459,637100000,-66.77,0.0002631
74800,0.02772,0.8178,6.81e+08,-14.02,0.0001098
56680,0.05657,0.7807,277700000,-73.02,0.0002041
191400,0.01852,0.7639,877200000,-12.43,0.0002182
60930,0.02505,0.7436,2.17e+08,-13.59,0.0002808
59200,0.01976,0.7953,422600000,-56.47,0.0001401
60650,0.04054,0.7671,259600000,-63.7,0.0002336
72090,0.02064,0.8397,815600000,-7.728,8.839e-05
70360,0.02266,0.7892,436300000,-9.993,0.0001613
10.86,0.009297,0.8499,135700,-11.43,8.003e-05
65220,0.02467,0.7441,249100000,-11.41,0.0002618
124300,0.04699,0.7881,773400000,-12.54,0.0001607
99200,0.0168,0.7833,580900000,-68.16,0.0001708
46550,0.02888,0.7431,184700000,-22.32,0.000252
6.496,0.01159,0.8673,84490,-13.62,7.688e-05
47440,0.02182,0.8433,497200000,-69.62,9.541e-05
53370,0.01407,0.7051,137700000,-10.01,0.0003876
13.06,0.0656,0.7707,54250,-45,0.0002407
56300,0.01159,0.7492,250900000,-7.84,0.0002244
169600,0.01619,0.6486,210700000,-65.83,0.0008049
45340,0.04384,0.7772,255900000,-59.57,0.0001772
83020,0.0229,0.8166,756400000,-11.02,0.0001098
73310,0.02152,0.7659,364900000,-53.14,0.0002009
146300,0.02156,0.7535,652200000,-19.53,0.0002243
82830,0.0188,0.8062,622300000,-60.24,0.0001331
42530,0.02515,0.8009,300500000,-11.02,0.0001415
41400,0.02352,0.8344,416700000,-65.86,9.935e-05
108700,0.03205,0.7668,492600000,-67.8,0.0002207
3.32,0.6771,1.261,1917000,-19.31,1.732e-06
110000,0.02497,0.794,760400000,-16.5,0.0001447
3324,0.02212,0.8268,29110000,-63.41,0.0001142
42810,0.02509,0.7518,167200000,-14.87,0.000256
60270,0.02315,0.7631,273900000,-14.67,0.00022
8.963,0.04761,0.8882,130200,-59.33,6.884e-05
118800,0.009805,0.744,543300000,-12.97,0.0002187
41080,0.02817,0.8006,318500000,-13.8,0.000129
11.96,0.3701,0.8308,103800,-11.87,0.0001152
7.606,0.01024,0.8382,74730,-16.32,0.0001018
59080,0.01382,0.7919,414200000,-12.76,0.0001426
88970,0.02608,0.835,998600000,-21.99,8.909e-05
89300,0.01453,0.806,702100000,-9.128,0.0001272
187100,0.01025,0.7315,668700000,-12.2,0.0002798
45460,0.02365,0.7616,183200000,-75.09,0.0002481
44380,0.01971,0.7916,288100000,-61.83,0.000154
42340,0.01807,0.7984,296300000,-60.7,0.0001429
13.92,0.329,0.8054,82020,-19.78,0.0001697
56980,0.02119,0.779,292600000,-62,0.0001947
144000,0.05401,0.6527,168600000,-69.06,0.0008541
280300,0.04454,0.6976,507800000,-74.65,0.000552
359000,0.02386,0.6661,552100000,-13.06,0.0006502
23110,0.02681,0.6461,26350000,-56.34,0.000877
44470,0.02444,0.8457,551500000,-9.938,8.063e-05
89840,0.06401,0.7274,251800000,-64.03,0.0003568
87560,0.05329,0.7852,4.62e+08,-71.39,0.0001895
171600,0.01301,0.6774,281700000,-55.9,0.0006092
100800,0.02533,0.7782,511600000,-63.13,0.000197
32800,0.04078,0.7956,188500000,-69.34,0.000174
102800,0.01877,0.6744,157100000,-62.76,0.0006544
53050,0.02328,0.7895,359500000,-31.14,0.0001476
75680,0.02292,0.8169,689300000,-13.7,0.0001098
23680,0.04472,0.7773,117400000,-68.26,0.0002017
203700,0.02052,0.6873,360200000,-69.84,0.0005655
53790,0.01369,0.7208,149800000,-12.23,0.0003591
248100,0.05885,0.6562,312400000,-63.66,0.0007942
223500,0.01526,0.6161,192400000,-52.15,0.001162
10.23,0.02719,0.9447,255000,-66.07,4.012e-05
227800,0.05497,0.7238,607100000,-71.11,0.0003752
84520,0.01172,0.7519,410500000,-8.532,0.0002059
53650,0.02352,0.8522,771900000,-12.85,6.95e-05
68760,0.04686,0.8007,454400000,-20.41,0.0001513
87230,0.0104,0.724,3.06e+08,-6.842,0.0002851
60770,0.02442,0.7679,2.82e+08,-64.23,0.0002155
129200,0.05266,0.7307,428600000,-53.78,0.0003014
99590,0.02274,0.7485,323600000,-72.63,0.0003078
51070,0.01506,0.8069,406700000,-8.369,0.0001256
65990,0.01518,0.814,543200000,-63.74,0.0001215
126200,0.02127,0.7656,648100000,-9.619,0.0001947
120800,0.0218,0.7935,895400000,-14.87,0.0001349
44900,0.02207,0.8133,331300000,-70.87,0.0001355
77810,0.02021,0.7689,403500000,-19.26,0.0001928
42580,0.02323,0.762,170700000,-74.7,0.0002494
62220,0.01533,0.7765,299200000,-61.14,0.000208
11.69,0.01845,0.8907,235000,-10.22,4.974e-05
104400,0.01081,0.7271,356400000,-13.27,0.0002929
109900,0.02165,0.6942,221200000,-65.18,0.0004968
216700,0.01191,0.6236,210300000,-26.86,0.00103
60490,0.01445,0.7203,201600000,-9.256,3e-04
77820,0.01466,0.7707,381600000,-9.791,0.0002039
45.67,0.3439,0.7509,170000,-15.08,0.0002686
118500,0.01044,0.6978,3.12e+08,-12.31,0.0003798
123400,0.04495,0.749,440200000,-61.01,0.0002803
42770,0.01495,0.811,335300000,-17.65,0.0001276
45930,0.008213,0.7594,251500000,-7.61,0.0001826
31860,0.01345,0.6882,6.4e+07,-14.06,0.0004978
43870,0.02995,0.6705,74410000,-14.25,0.0005896
46370,0.01544,0.8459,614600000,-7.858,7.545e-05
147200,0.01406,0.6497,182600000,-23.32,0.0008061
56580,0.03391,0.7987,347600000,-64.78,0.0001628
93450,0.0216,0.7419,322800000,-70.82,0.0002895
35180,0.01345,0.7134,105600000,-11.2,0.0003331
54340,0.01164,0.7475,223600000,-10.67,0.000243
165600,0.01497,0.7167,440700000,-59.67,0.0003758
204700,0.02333,0.7469,906500000,-12.38,0.0002258
312.2,0.03833,0.7162,764200,-58.04,0.0004085
97810,0.02359,0.7945,6.08e+08,-50.34,0.0001609
76750,0.02582,0.7478,296200000,-16.03,0.0002591
88300,0.03152,0.7825,431700000,-59.05,0.0002045
82000,0.04613,0.783,496500000,-66.31,0.0001652
34560,0.01038,0.882,6.47e+08,-8.071,5.342e-05
32590,0.01437,0.7028,78480000,-9.856,0.0004153
86000,0.03106,0.7203,236900000,-69.12,0.000363
34150,0.03276,0.7301,106900000,-64.68,0.0003195
13020,0.01203,0.6911,28450000,-10.55,0.0004576
39010,0.01924,0.7695,196500000,-8.8,0.0001985
151800,0.05147,0.649,201500000,-20.71,0.0007533
25.41,0.009683,0.7284,83130,-10.37,0.0003057
1138,0.01629,0.6676,1846000,-13.55,0.0006165
46420,0.02221,0.8025,293100000,-71.73,0.0001584
224300,0.009562,0.6795,422700000,-22.3,0.0005306
23400,0.01875,0.8467,2.89e+08,-9.634,8.097e-05
83570,0.02537,0.7843,507200000,-32.08,0.0001648
20110,0.01468,0.714,52870000,-9.682,0.0003804
125600,0.02015,0.7971,867700000,-8.271,0.0001448
32060,0.02021,0.7402,123600000,-66.62,0.0002594
5.833,0.02577,1.05,477000,-59.88,1.223e-05
171400,0.0149,0.7222,434800000,-62.85,0.0003942
122800,0.0174,0.673,200600000,-61.79,0.0006122
54960,0.03765,0.7425,172100000,-26.93,0.0003193
17.71,0.03515,0.838,167900,-63.78,0.0001055
29420,0.02214,0.8022,206400000,-50.16,0.0001425
90930,0.0481,0.7678,4.15e+08,-76.07,0.0002191
65910,0.0146,0.7251,2.05e+08,-8.845,0.0003215
49480,0.04662,0.8081,424900000,-58.89,0.0001165
23790,0.02497,0.8476,261900000,-56.15,9.084e-05
185900,0.01983,0.6958,361500000,-58.21,0.0005142
39000,0.02218,0.8776,761900000,-46.33,5.119e-05
115400,0.01566,0.7806,694800000,-7.376,0.0001661
101100,0.01497,0.8432,9.9e+08,-61.18,0.0001021
192500,0.02285,0.7644,831300000,-13.79,0.0002316
48310,0.01488,0.7865,305400000,-8.948,0.0001582
43160,0.01636,0.8526,503900000,-10.64,8.565e-05
51120,0.01905,0.8636,829400000,-11.63,6.163e-05
81660,0.04412,0.7579,310800000,-63.3,0.0002627
122000,0.02212,0.8183,994500000,-53.54,0.0001227
3.737,0.5382,1.21,1364000,-15.05,2.74e-06
43510,0.05554,0.7137,104400000,-63.87,0.0004168
147600,0.02115,0.7354,495200000,-60.24,0.0002981
7.684,0.01365,0.9366,241000,-11.35,3.188e-05
69030,0.01013,0.7643,363400000,-15.59,0.00019
7.682,0.01421,0.827,60580,-10.44,0.0001268
105400,0.02368,0.7885,706500000,-9.162,0.0001492
18430,0.3763,0.7863,113900000,-12.37,0.0001618
69740,0.01944,0.7596,327700000,-64.43,0.0002128
32250,0.02454,0.7566,126200000,-73.13,0.0002555
158500,0.01856,0.694,288100000,-77.18,0.0005502
46640,0.04966,0.7964,3.32e+08,-68.36,0.0001405
147800,0.04303,0.7019,263800000,-76.74,0.0005603
66090,0.02318,0.8484,840800000,-20.67,7.86e-05
55100,0.02371,0.7731,254200000,-64.86,0.0002168
10.33,0.02261,0.8445,107100,-12.81,9.645e-05
59830,0.02224,0.882,998900000,-17.05,5.99e-05
38560,0.01902,0.819,341700000,-9.133,0.0001128
6.63,0.3666,0.8846,94900,-14.9,6.986e-05
131800,0.02143,0.7765,696500000,-14.59,0.0001892
55940,0.2731,0.7858,305700000,-59.87,0.000183
87900,0.01089,0.7335,322600000,-12.47,0.0002725
5.666,0.07244,0.9212,115100,-14.1,4.923e-05
162300,0.02159,0.8027,993900000,-17.61,0.0001633
42000,0.02878,0.7209,109200000,-62.65,0.0003846
72860,0.01484,0.8255,742200000,-9.485,9.817e-05
132500,0.02294,0.7539,555400000,-16.59,0.0002386
40850,0.01366,0.7007,103800000,-11.43,0.0003935
28550,0.07193,0.7693,133900000,-70.88,0.0002132
7352,0.03486,0.7748,40170000,-15.49,0.000183
85250,0.02229,0.7652,399300000,-12.04,0.0002135
45090,0.0466,0.7893,281100000,-74.7,0.0001604
42510,0.05643,0.6921,83130000,-65.6,0.0005114
85780,0.02051,0.7765,451900000,-16.85,0.0001898
123500,0.009889,0.6359,135900000,-15.17,0.0009088
136700,0.02062,0.7677,666400000,-65.73,0.0002051
127900,0.02563,0.7345,466400000,-13.72,0.0002742
38740,0.01778,0.7851,259100000,-10.61,0.0001495
85250,0.01137,0.7664,522400000,-7.118,0.0001632
144900,0.02509,0.741,508900000,-14.08,0.0002847
64350,0.05681,0.7394,2.2e+08,-63.81,0.0002925
49260,0.01528,0.8031,359700000,-63.58,0.0001369
146100,0.0198,0.6996,297300000,-61.3,0.0004914
78710,0.009944,0.6425,93080000,-15.14,0.0008456
82630,0.01096,0.7206,267800000,-19.96,0.0003086
33120,0.03494,0.7437,123100000,-59.68,0.000269
60440,0.03178,0.7999,405700000,-68.09,0.000149
690.4,0.04422,0.7099,1397000,-68.9,0.0004942
38630,0.02415,0.7408,1.17e+08,-68.02,0.0003302
84480,0.0192,0.7168,240700000,-66.21,0.000351
127700,0.05791,0.7293,371500000,-74.75,0.0003437
276600,0.01193,0.6469,372600000,-25.29,0.0007424
190100,0.02112,0.7213,511900000,-65.71,0.0003714
74100,0.01369,0.7559,310900000,-11.89,0.0002383
49740,0.06407,0.7455,172500000,-65.21,0.0002883
66370,0.02577,0.7919,4.19e+08,-20.89,0.0001584
46850,0.02138,0.7367,160800000,-58.98,0.0002914
40970,0.04328,0.6885,79330000,-67.13,0.0005165
16.64,0.01765,0.8169,137100,-15.69,0.0001214
89290,0.008303,0.6712,173700000,-8.875,0.000514
92490,0.02661,0.7661,478100000,-22.9,0.0001935
60220,0.04366,0.7065,1.43e+08,-65.52,0.0004211
38170,0.0294,0.8209,291300000,-13.12,0.000131
44200,0.009075,0.6659,78410000,-14.92,0.0005637
42170,0.01431,0.8458,593300000,-10.45,7.108e-05
41700,0.01933,0.9034,987900000,-12.38,4.221e-05
58100,0.05732,0.741,194600000,-75.14,0.0002986
103700,0.04418,0.7013,213200000,-73.79,0.0004864
1560,0.02387,0.7448,5921000,-64.28,0.0002635
232700,0.01277,0.648,314600000,-14.06,0.0007397
34680,0.0193,0.8157,282900000,-8.954,0.0001226
82270,0.04348,0.7828,411200000,-62.51,0.0002001
12570,0.02956,0.8264,100700000,-65.74,0.0001248
83150,0.02337,0.8039,6.6e+08,-11.41,0.000126
111900,0.01051,0.6592,165600000,-13.8,0.0006757
53360,0.02351,0.8346,6.4e+08,-14.82,8.338e-05
71740,0.04852,0.7546,2.81e+08,-19.36,0.0002553
122300,0.02764,0.788,786700000,-23.23,0.0001555
12610,0.02401,0.8607,163800000,-66.44,7.698e-05
107900,0.0168,0.793,709200000,-64.66,0.0001521
120800,0.02435,0.7351,335100000,-73.95,0.0003605
9.927,0.07166,0.9128,195500,-57.79,5.078e-05
55460,0.02916,0.7732,277300000,-48.78,2e-04
143400,0.01546,0.7211,377600000,-60.58,0.0003798
4.726,0.04679,1.021,231000,-59.7,2.046e-05
110600,0.01976,0.7718,584100000,-69.8,0.0001894
7.062,0.3853,0.9178,144100,-13.7,4.901e-05
40440,0.05463,0.8448,457800000,-74.49,8.834e-05
3.985,0.5293,1.133,627200,-18.2,6.354e-06
51770,0.0328,0.7824,295900000,-64.22,0.000175
5.043,0.221,1.095,536700,-45.93,9.396e-06
70850,0.02447,0.7846,412600000,-71.27,0.0001717
77200,0.05687,0.7177,212100000,-65.43,0.000364
12.14,0.03945,0.937,305800,-72.73,3.97e-05
53890,0.05826,0.7363,199600000,-71.91,0.00027
39530,0.009448,0.7254,152200000,-10.22,0.0002597
120300,0.02226,0.7686,585600000,-54.66,0.0002054
130600,0.01334,0.735,423400000,-62.68,0.0003085
101700,0.02533,0.8003,701700000,-22.69,0.0001449
49490,0.02058,0.8564,682800000,-7.838,7.248e-05
136000,0.01074,0.6985,313300000,-12.64,0.0004341
107200,0.02295,0.7599,496700000,-19.96,0.0002158
6.814,0.01091,0.8947,129900,-11.54,5.246e-05
34180,0.05283,0.7414,114300000,-64.34,0.000299
54620,0.02288,0.8563,780600000,-10.48,6.997e-05
56000,0.03397,0.8298,494100000,-62.06,0.0001133
51940,0.0154,0.8095,396800000,-16.07,0.0001309
20950,0.08408,0.7338,74010000,-68.87,0.0002831
212600,0.02769,0.7031,5.33e+08,-22.42,0.0003989
105100,0.02209,0.7187,281200000,-67.28,0.0003738
13.53,0.2863,0.8425,130700,-16.46,0.0001035
163200,0.02736,0.745,618700000,-18.96,0.0002638
111300,0.01897,0.7228,305900000,-48.67,0.0003638
5.282,0.01419,0.9211,109100,-10.26,4.841e-05
68000,0.02651,0.7266,207100000,-70.65,0.0003283
62350,0.05226,0.8098,535800000,-5.668,0.0001164
63570,0.02596,0.8586,845100000,-23.85,7.522e-05
174500,0.01494,0.634,183700000,-17.82,0.0009499
64550,0.0134,0.8133,531200000,-51.06,0.0001215
134100,0.01038,0.7043,3.33e+08,-18.16,0.0004027
138000,0.01521,0.7968,953100000,-55.86,0.0001448
152100,0.03398,0.7308,432300000,-81.27,0.0003518
156500,0.02541,0.7343,495700000,-62.35,0.0003157
84890,0.02395,0.7604,352400000,-51.41,0.0002409
85610,0.009202,0.6799,1.76e+08,-25.31,0.0004864
20880,0.0154,0.9522,9.65e+08,-61.21,2.164e-05
99010,0.03599,0.7556,450200000,-17.48,0.0002199
52580,0.02282,0.7955,369300000,-13.09,0.0001424
6.762,0.01617,0.8861,96250,-14.92,7.025e-05
14490,0.05219,0.7497,56050000,-28.65,0.0002585
95380,0.01542,0.7337,286600000,-63.02,0.0003328
44370,0.05723,0.7615,173200000,-71.68,0.0002562
79060,0.01489,0.7973,571400000,-8.632,0.0001384
104700,0.02272,0.8344,995900000,-13.8,0.0001051
381400,0.03476,0.7016,785800000,-63.58,0.0004854
16390,0.03464,0.7761,87640000,-18.37,0.000187
63280,0.04848,0.7529,251600000,-74.38,0.0002515
8.879,0.02098,0.8933,134200,-63.12,6.616e-05
68150,0.0191,0.8055,5.14e+08,-59.99,0.0001326
202200,0.009106,0.642,2.58e+08,-16.77,0.0007837
226100,0.02466,0.6897,444900000,-61.28,0.0005082
98730,0.01697,0.8116,7.85e+08,-14.15,0.0001258
61280,0.01238,0.8041,452200000,-14.12,0.0001355
48000,0.03255,0.7651,206600000,-49.94,0.0002323
48940,0.01282,0.6599,72630000,-14.61,0.0006738
222200,0.01013,0.7496,952400000,-69.63,0.0002333
179500,0.01517,0.7222,517500000,-59.01,0.0003469
84330,0.01865,0.746,308400000,-14.4,0.0002734
34520,0.02825,0.9145,837200000,-14.77,4.123e-05
35510,0.01835,0.8744,617100000,-11.79,5.754e-05
34980,0.0472,0.8084,261200000,-16.73,0.0001339
67700,0.01227,0.719,197500000,-13.18,0.0003428
170500,0.01206,0.6591,269700000,-18.68,0.0006322
20120,0.02245,0.7304,58900000,-77.35,0.0003416
4.901,0.3662,0.9744,149800,-17.59,3.272e-05
136700,0.01201,0.6834,261700000,-21.03,0.0005224
189100,0.009373,0.6862,397100000,-13.98,0.0004762
45610,0.0301,0.8135,326400000,-64.91,0.0001397
38450,0.02407,0.8889,798100000,-51.91,4.818e-05
170400,0.0239,0.7408,5.53e+08,-62.48,0.0003081
31310,0.01611,0.8886,611100000,-8.781,5.124e-05
61900,0.02031,0.6664,84760000,-63.07,0.0007303
53300,0.01539,0.8253,556100000,-56.1,9.585e-05
66190,0.01413,0.734,242500000,-9.566,0.0002729
7.677,0.2789,1.031,511900,-68.73,1.5e-05
32650,0.01233,0.9133,859600000,-8.238,3.798e-05
55880,0.02914,0.8175,467600000,-49.39,0.0001195
42.98,0.01046,0.6601,65500,-11.68,0.0006562
53320,0.01982,0.7682,282900000,-65.57,0.0001885
36360,0.009129,0.7405,149400000,-9.441,0.0002434
65410,0.02763,0.7655,313700000,-18.14,0.0002085
40500,0.0251,0.8115,317100000,-11.03,0.0001277
330100,0.02079,0.6921,667400000,-22.28,0.0004946
173400,0.009629,0.6238,181100000,-13.75,0.0009575
52040,0.01895,0.7779,268400000,-9.376,0.0001939
25030,0.01113,0.6069,21440000,-9.565,0.001167
63760,0.02182,0.8706,999700000,-13.74,6.378e-05
72060,0.05216,0.8031,514700000,-13.31,0.00014
32720,0.02299,0.8328,342100000,-15.37,9.564e-05
37840,0.02704,0.8876,689900000,-13.95,5.485e-05
115100,0.03346,0.6843,195700000,-75.14,0.0005881
3.904,0.5478,1.096,404300,-13.27,9.656e-06
58030,0.02309,0.8534,821900000,-9.181,7.06e-05
137600,0.02212,0.7488,537200000,-68.43,0.0002561
30190,0.01509,0.9213,904800000,-8.261,3.337e-05
46510,0.04821,0.6757,75640000,-63.72,0.0006149
100500,0.04959,0.7579,432300000,-68.24,0.0002325
61480,0.0304,0.7022,121100000,-55.58,0.0005077
192600,0.01147,0.6822,415800000,-9.846,0.0004632
28430,0.01314,0.7893,178400000,-12.52,0.0001594
87620,0.03467,0.7181,226400000,-22.65,0.000387
100600,0.02559,0.7804,589600000,-15.23,0.0001706
93350,0.022,0.7946,593800000,-55.64,0.0001572
120500,0.02751,0.7442,4.66e+08,-20.54,0.0002586
18540,0.03027,0.9119,446300000,-65.71,4.154e-05
4.657,0.01163,0.9221,101200,-11.6,4.602e-05
171900,0.01158,0.6985,444700000,-9.659,0.0003866
108400,0.05543,0.703,231100000,-74.68,0.0004691
53680,0.01071,0.7015,136400000,-13.24,0.0003935
121300,0.02825,0.6773,1.84e+08,-71.1,0.0006592
74370,0.02586,0.7466,309700000,-15.45,0.0002401
234400,0.01055,0.62,225300000,-12.75,0.00104
32520,0.01083,0.7834,207500000,-13.18,0.0001567
10360,0.03411,0.8364,1.12e+08,-21.68,9.25e-05
16.74,0.03524,0.7582,72320,-18.81,0.0002315
31.16,0.02831,0.8034,170500,-67.58,0.0001828
38.79,0.02864,0.8769,543300,-71.92,7.14e-05
57380,0.03374,0.822,484900000,-68.07,0.0001183
103400,0.009047,0.7169,342500000,-14.98,0.0003019
226900,0.04828,0.7188,6.3e+08,-63.39,0.0003602
32190,0.02978,0.8169,235900000,-66.43,0.0001365
67200,0.02137,0.7489,260200000,-65.95,0.0002583
114200,0.02924,0.7451,436400000,-66.65,0.0002617
21710,0.0188,0.8287,216200000,-60.99,0.0001004
31120,0.01842,0.8306,311500000,-16.11,9.99e-05
91710,0.02587,0.7974,603900000,-35.7,0.0001519
59730,0.02411,0.7778,284900000,-68.73,0.0002097
124600,0.02391,0.7932,951900000,-16.97,0.0001309
164500,0.02884,0.7756,924500000,-13.2,0.0001779
68020,0.02239,0.7797,367700000,-9.606,0.000185
84000,0.02069,0.8356,905500000,-7.674,9.277e-05
62340,0.02578,0.7936,393400000,-16.19,0.0001585
87530,0.02283,0.7416,324200000,-15.52,0.00027
20670,0.01848,0.8539,279100000,-63.02,7.406e-05
55420,0.01949,0.8304,516500000,-67.21,0.0001073
57410,0.04713,0.7632,242600000,-75.16,0.0002366
27570,0.04417,0.8145,231900000,-63.37,0.0001189
66490,0.02953,0.77,268200000,-63.3,0.0002479
72320,0.04537,0.7916,430200000,-65.12,0.0001681
115600,0.03444,0.8052,775300000,-60.71,0.0001491
144300,0.03592,0.7029,321600000,-58.37,0.0004487
32920,0.02425,0.8314,288300000,-56.79,0.0001142
148300,0.02204,0.7545,677100000,-18.66,0.000219
6.152,0.01382,0.9181,136300,-11.32,4.514e-05
408900,0.01539,0.7115,964400000,-61.05,0.000424
151800,0.02475,0.7322,490100000,-53.91,0.0003097
26880,0.01228,0.7956,2.13e+08,-7.441,0.0001262
108900,0.02303,0.7623,470500000,-12.45,0.0002315
9.361,0.4113,0.8082,61140,-9.877,0.0001531
43530,0.01567,0.7851,258400000,-62.28,0.0001685
134800,0.05663,0.7496,454400000,-73.03,0.0002967
72210,0.01782,0.8413,867600000,-12.08,8.323e-05
363900,0.01379,0.6297,366500000,-25.81,0.0009929
386000,0.01223,0.623,396500000,-18.86,0.0009735
13.54,0.01027,0.8389,144700,-12.82,9.357e-05
173800,0.02271,0.6999,4.19e+08,-50.05,0.0004148
28840,0.02736,0.7848,183300000,-18.28,0.0001573
74010,0.01004,0.7502,351400000,-7.828,0.0002106
38800,0.02024,0.7352,132200000,-67.61,0.0002935
58000,0.05175,0.7078,158600000,-9.84,0.0003657
53350,0.01426,0.6638,84940000,-8.204,0.0006281
88280,0.01106,0.6954,223800000,-15.47,0.0003945
193400,0.02348,0.7455,797100000,-14.02,0.0002426
489900,0.01529,0.6282,496300000,-14.96,0.0009871
123500,0.02401,0.7083,255300000,-74.59,0.0004837
42070,0.02502,0.8445,473800000,-71.22,8.879e-05
81130,0.05369,0.7935,451300000,-63.5,0.0001798
22090,0.01428,0.9636,999100000,-64.64,2.211e-05
65190,0.04648,0.7928,397900000,-72.67,0.0001638
51530,0.02154,0.7355,145900000,-68.47,0.0003532
6.724,0.3866,0.8457,59970,-19.79,0.0001121
190400,0.01087,0.6828,4.1e+08,-9.967,0.0004644
3.907,0.3672,1.296,4928000,-12.36,7.928e-07
67350,0.01476,0.8124,610500000,-9.426,0.0001103
142500,0.02846,0.7563,562200000,-72.58,0.0002535
19790,0.01445,0.8479,235300000,-22.27,8.411e-05
111.4,0.03272,0.7974,711300,-63.41,0.0001566
27.7,0.01758,0.79,176100,-15.3,0.0001573
225400,0.04826,0.7057,554300000,-63.18,0.0004066
83880,0.0531,0.7159,233900000,-63.82,0.0003586
42960,0.01617,0.7981,337100000,-16.08,0.0001274
1121,0.01172,0.7558,5457000,-9.118,0.0002054
73780,0.02589,0.7768,384300000,-32.18,0.000192
71550,0.01125,0.6671,127100000,-15.06,0.0005629
102500,0.02044,0.7418,379100000,-51,0.0002704
88930,0.04672,0.7799,450700000,-25.23,0.0001973
123000,0.01835,0.6975,283900000,-58.6,0.0004333
47940,0.01153,0.7516,2.28e+08,-9.882,0.0002103
67090,0.02185,0.8617,9.45e+08,-11.36,7.099e-05
66800,0.01588,0.8628,999700000,-64.59,6.682e-05
118900,0.009868,0.6724,214300000,-18,0.0005548
44860,0.05131,0.7746,255800000,-12.03,0.0001754
131700,0.009805,0.7152,392600000,-14.14,0.0003355
56690,0.02269,0.7978,409100000,-21.59,0.0001386
152000,0.02147,0.7517,616300000,-61.94,0.0002466
135100,0.01555,0.7262,426800000,-55.16,0.0003165
104700,0.02737,0.7995,768800000,-15.73,0.0001362
8.708,0.01279,0.8724,133300,-17.35,6.533e-05
193900,0.01342,0.7154,486800000,-62.64,0.0003983
7.276,0.01212,0.8104,48590,-11.23,0.0001497
65890,0.02117,0.8356,719600000,-54.58,9.156e-05
39700,0.02748,0.7388,144700000,-17.53,0.0002744
118300,0.02217,0.7504,473800000,-55.22,0.0002497
82800,0.0278,0.8238,799400000,-11.51,0.0001036
75270,0.02072,0.8343,809700000,-7.547,9.296e-05
223100,0.01526,0.7586,961300000,-55.8,0.0002321
81060,0.01055,0.6571,1.26e+08,-11.97,0.0006433
190700,0.02432,0.765,806300000,-76.01,0.0002365
69290,0.03741,0.7726,340400000,-77.56,0.0002036
53540,0.02713,0.674,85250000,-68.42,0.000628
124900,0.01536,0.7487,492900000,-55.61,0.0002534
81440,0.02551,0.7983,5.78e+08,-24.97,0.0001409
53540,0.02112,0.8433,632900000,-14.9,8.459e-05
252300,0.04612,0.7449,874100000,-12.47,0.0002886
129300,0.01974,0.7119,327300000,-63.97,0.0003951
163100,0.02608,0.6814,295600000,-21.19,0.0005518
90060,0.02533,0.7347,302100000,-62.93,0.0002981
96780,0.02519,0.8193,891900000,-25.27,0.0001085
43.21,0.07663,0.7386,141100,-71.55,0.0003062
101300,0.02057,0.7594,444100000,-63.12,0.0002281
75780,0.0124,0.7252,237200000,-21.16,0.0003195
6.55,0.364,0.9586,211100,-14.85,3.103e-05
148800,0.01365,0.7437,551400000,-51.36,0.0002699
113900,0.01452,0.7811,671300000,-9.624,0.0001697
32200,0.03251,0.8132,241600000,-63.19,0.0001333
47610,0.03092,0.8382,456300000,-61.89,0.0001043
60680,0.03854,0.7841,324700000,-67.3,0.0001869
92050,0.0156,0.7733,471400000,-61.33,0.0001953
24460,0.02132,0.7888,154800000,-70.59,0.000158
282200,0.01515,0.658,385100000,-15.68,0.0007328
32400,0.02433,0.7778,180900000,-75.91,0.0001791
46810,0.01486,0.6964,99950000,-9.138,0.0004683
104900,0.02239,0.7616,4.61e+08,-9.913,0.0002275
188600,0.01328,0.6945,400800000,-50.8,0.0004706
44320,0.03139,0.791,293100000,-63.88,0.0001512
36350,0.0274,0.8247,346300000,-16,0.000105
43410,0.03498,0.7625,206900000,-20.37,0.0002098
63860,0.01455,0.7435,2.4e+08,-9.693,0.0002661
40810,0.05555,0.783,238400000,-75.51,0.0001712
30230,0.02221,0.8172,257900000,-55.67,0.0001172
85930,0.03591,0.7945,5.56e+08,-59.67,0.0001546
26990,0.02216,0.7728,1.43e+08,-69.8,0.0001887
149200,0.01427,0.6827,285600000,-9.735,0.0005224
103800,0.01815,0.7982,682500000,-17.69,0.0001521
88470,0.01623,0.7398,340200000,-14.59,0.0002601
105600,0.01499,0.7095,232600000,-62.72,0.000454
103100,0.02388,0.7191,248900000,-73.78,0.0004142
102300,0.0229,0.7693,523100000,-62.27,0.0001956
52920,0.06166,0.81,452600000,-67.61,0.0001169
17720,0.02279,0.7804,100900000,-14.78,0.0001756
79450,0.0447,0.7417,261200000,-68.23,0.0003042
81090,0.02205,0.8482,953100000,-54.96,8.508e-05
225100,0.02149,0.746,9.11e+08,-14.13,0.0002471
233400,0.05253,0.7405,722100000,-69.84,0.0003232
28750,0.01128,0.7976,225500000,-11.98,0.0001275
28320,0.02525,0.7984,198800000,-21.39,0.0001425
223.8,0.03483,0.739,769500,-14.53,0.0002908
79580,0.02905,0.8295,808900000,-53.8,9.838e-05
188900,0.02724,0.7355,651600000,-26.29,0.0002899
97130,0.01038,0.7498,4.46e+08,-6.866,0.0002178
16030,0.02268,0.8176,128600000,-72.91,0.0001247
126500,0.04763,0.7943,874100000,-61.52,0.0001447
59340,0.0197,0.8165,525800000,-53.09,0.0001129
10.07,0.3499,0.8239,81370,-10.45,0.0001238
49770,0.02406,0.8318,433600000,-69.93,0.0001148
13480,0.02411,0.7687,58670000,-66.72,0.0002298
133800,0.01755,0.7561,610800000,-51.73,0.0002191
82290,0.01892,0.7886,496100000,-43.4,0.0001659
32380,0.9851,0.7482,114100000,-64.04,0.0002838
186900,0.04451,0.713,437600000,-67.47,0.0004271
34900,0.0594,0.695,75390000,-70.94,0.0004629
36560,0.01525,0.8575,548600000,-6.608,6.664e-05
71000,0.01113,0.7849,494200000,-12.27,0.0001437
184200,0.06842,0.6822,293300000,-71.5,0.000628
32650,0.03317,0.7447,1.26e+08,-63.94,0.0002591
41980,0.01638,0.8407,454400000,-16.96,9.239e-05
65190,0.01222,0.6937,143100000,-10.51,0.0004556
82810,0.009283,0.6838,1.8e+08,-15.18,0.0004601
70070,0.02043,0.8346,716200000,-8.302,9.784e-05
103300,0.02203,0.6686,162200000,-64.55,0.0006369
38810,0.0343,0.8118,313500000,-22.78,0.0001238
114200,0.02374,0.727,323500000,-66.4,0.000353
11.08,0.5179,0.8853,151300,-19.39,7.323e-05
152400,0.02351,0.6769,251100000,-63.25,0.0006069
167200,0.01027,0.7147,482600000,-13.17,0.0003465
66710,0.01126,0.8343,807100000,-11.39,8.265e-05
93280,0.02518,0.7772,526200000,-47.98,0.0001773
8.464,0.3578,0.9505,231200,-15.39,3.661e-05
7.664,0.3687,0.9377,207000,-21.47,3.702e-05
112700,0.02713,0.7341,3.8e+08,-20.08,0.0002966
45950,0.03497,0.7797,272100000,-13.1,0.0001689
4.369,0.4736,0.9976,167700,-10.34,2.605e-05
253500,0.0138,0.7256,738900000,-62.59,0.0003431
1272,0.01433,0.7159,3682000,-63.91,0.0003455
78390,0.02236,0.8609,991500000,-14.17,7.906e-05
154900,0.009841,0.7029,413600000,-13.46,0.0003745
31.34,0.02545,0.7476,122300,-12.58,0.0002563
49.53,0.03519,0.7437,183800,-14.75,0.0002695
93790,0.5241,0.6873,179600000,-12.28,0.0005222
64880,0.009536,0.7106,181200000,-21,0.0003581
113600,0.02858,0.7762,585900000,-56.39,0.0001939
47780,0.03492,0.7939,334100000,-10.94,0.000143
125200,0.02769,0.7721,553600000,-71.78,0.0002262
103300,0.02398,0.8109,9.7e+08,-52.28,0.0001065
101900,0.02141,0.7542,426400000,-61.7,0.000239
104300,0.01608,0.7801,5.83e+08,-61.16,0.0001789
91570,0.02218,0.7574,399600000,-67.51,0.0002292
53.5,0.01526,0.7513,229500,-6.934,0.0002331
210500,0.0209,0.7428,802500000,-18.43,0.0002623
75180,0.02282,0.7625,355200000,-17.7,0.0002117
305400,0.05548,0.6844,516800000,-80.53,0.0005909
27530,0.03172,0.8286,264100000,-64.67,0.0001042
96430,0.03985,0.6328,98940000,-25.88,0.0009746
198200,0.02615,0.7666,9.24e+08,-22.9,0.0002145
18300,0.03659,0.7552,66920000,-71.9,0.0002735
50250,0.01086,0.7289,174400000,-11.27,0.0002881
50980,0.01601,0.8722,878900000,-5.723,5.8e-05
98770,0.01061,0.691,224300000,-12.41,0.0004403
180900,0.06694,0.7055,341100000,-74.67,0.0005303
100500,0.01232,0.7104,276300000,-7.778,0.0003637
46940,0.01725,0.7815,266600000,-62.64,0.0001761
233700,0.02403,0.7699,960700000,-16.97,0.0002433
46150,0.02547,0.7475,156600000,-69.54,0.0002947
80770,0.02041,0.8253,733600000,-8.018,0.0001101
31660,0.019,0.8303,336200000,-9.885,9.417e-05
44470,0.03504,0.8328,414900000,-66.78,0.0001072
5.469,0.01128,0.9144,117300,-11,4.662e-05
96080,0.01507,0.8289,967500000,-56.01,9.931e-05
278000,0.04839,0.7363,932600000,-16.12,0.0002981
99.82,0.02966,0.718,276100,-8.895,0.0003615
81650,0.02048,0.8114,689500000,-69.5,0.0001184
58320,0.02233,0.8075,4.46e+08,-60.5,0.0001308
119200,0.02271,0.741,429200000,-47.76,0.0002777
805.2,0.0411,0.7293,2122000,-67.25,0.0003795
11450,0.01393,0.6736,18280000,-60.99,0.0006264
117900,0.009664,0.6101,104500000,-15.62,0.001128
56730,0.02114,0.8414,655700000,-7.22,8.652e-05
17230,0.02166,0.8033,108900000,-69.66,0.0001582
52070,0.0223,0.8011,329700000,-67.34,0.0001579
5.752,0.04656,0.9701,166700,-63.47,3.451e-05
99980,0.02521,0.781,582600000,-14.7,0.0001716
9.458,0.3633,0.8185,67370,-13.3,0.0001404
87550,0.02155,0.7751,429800000,-65.3,0.0002037
75250,0.01194,0.6494,100700000,-57.25,0.0007473
6505,0.05406,0.7549,27400000,-75.61,0.0002374
17340,0.0204,0.7012,39160000,-64.78,0.0004428
22880,0.02752,0.7976,166400000,-16.66,0.0001375
114300,0.03435,0.7638,453200000,-15.07,0.0002522
95140,0.02284,0.7589,437500000,-14.1,0.0002175
56160,0.01131,0.6999,139900000,-11.34,0.0004014
134100,0.02502,0.7257,380200000,-23.05,0.0003527
61640,0.01927,0.6735,108200000,-9.163,0.0005697
23890,0.01903,0.7978,162800000,-61.32,0.0001467
46120,0.01922,0.8767,899100000,-20.48,5.13e-05
303600,0.04862,0.708,799200000,-66.04,0.0003799
128400,0.02364,0.8068,928100000,-11.83,0.0001383
4124,0.01002,0.728,13800000,-14.88,0.0002988
22090,0.02218,0.8517,259100000,-71.8,8.526e-05
10.45,0.0261,0.9608,338000,-67.86,3.092e-05
32620,0.009564,0.6794,68710000,-5.739,0.0004747
260600,0.06676,0.7059,534600000,-71.75,0.0004875
24740,0.03092,0.8235,214800000,-9.158,0.0001152
117300,0.0115,0.7742,694300000,-9.813,0.0001689
42830,0.02264,0.7878,280700000,-62.68,0.0001526
71910,0.02173,0.7616,302800000,-65.79,0.0002375
50950,0.01878,0.8429,585100000,-9.719,8.708e-05
204400,0.01141,0.6804,396800000,-10.65,0.0005151
111900,0.01097,0.7166,358700000,-10.93,0.000312
147100,0.01916,0.7304,495300000,-62.24,0.000297
424000,0.01733,0.6384,441300000,-53.63,0.0009608
39780,0.04595,0.9089,940700000,-9.873,4.229e-05
36040,0.01449,0.8907,800100000,-9.116,4.504e-05
282300,0.02055,0.7272,873400000,-16.24,0.0003232
51540,0.01706,0.8127,476900000,-12.9,0.0001081
129700,0.02294,0.7489,524800000,-16.09,0.0002471
208900,0.02544,0.6734,329600000,-66.18,0.0006338
19590,0.01063,0.6721,35920000,-11.17,0.0005454
70260,0.01281,0.7637,325400000,-13.67,0.0002159
125500,0.4273,0.7513,482700000,-18.15,0.00026
49400,0.01609,0.6953,1.1e+08,-15.24,0.0004491
99220,0.04968,0.7851,608200000,-69.21,0.0001631
95260,0.5527,0.7395,326900000,-13.08,0.0002914
17200,0.03284,0.8186,149300000,-64.63,0.0001152
12870,0.0168,0.9148,319200000,-57.58,4.032e-05
17880,0.017,0.8765,311500000,-17.25,5.74e-05
99720,0.03231,0.6577,119400000,-72.94,0.0008352
125700,0.02459,0.6998,275700000,-61.99,0.0004559
96160,0.01781,0.7871,658200000,-62.95,0.0001461
167700,0.04804,0.7758,946100000,-12.22,0.0001773
179100,0.02392,0.7374,520400000,-68.03,0.0003442
112400,0.03016,0.7447,416800000,-55.2,0.0002697
102000,0.02259,0.789,590600000,-10.48,0.0001727
60180,0.01728,0.7924,353500000,-54.95,0.0001702
15010,0.02166,0.7953,94040000,-68.75,0.0001596
236000,0.04689,0.7227,643900000,-14.53,0.0003665
70630,0.02295,0.8182,662200000,-13.66,0.0001067
40640,0.02764,0.8155,3.57e+08,-14.02,0.0001138
86170,0.02246,0.7801,394900000,-71.23,0.0002182
110100,0.00876,0.7154,352700000,-13.6,0.0003122
67580,0.01533,0.8502,703600000,-57.2,9.605e-05
62750,0.02121,0.7828,372300000,-62.11,0.0001685
16.91,0.01393,0.8392,187600,-8.574,9.014e-05
104600,0.02527,0.7745,575200000,-25.25,0.0001818
21050,0.02064,0.7244,59490000,-69.58,0.0003538
34140,0.0218,0.8108,264400000,-64.56,0.0001291
89160,0.05361,0.7344,286500000,-65.63,0.0003112
38480,0.01218,0.6483,51060000,-20.65,0.0007536
29420,0.02273,0.7422,106300000,-13.8,0.0002768
51220,0.04845,0.721,132100000,-71.87,0.0003877
40290,0.01792,0.8857,766100000,-53.32,5.259e-05
116000,0.4431,0.6927,203400000,-74.66,0.0005703
106100,0.01951,0.7599,515100000,-62.82,0.000206
68780,0.01093,0.6658,116200000,-12.18,0.0005919
162800,0.03437,0.7764,8.48e+08,-57.86,0.000192
63310,0.03437,0.7207,162600000,-58.5,0.0003894
207800,0.05182,0.7583,810500000,-69.09,0.0002564
46250,0.0244,0.8179,437900000,-70.08,0.0001056
57600,0.0208,0.7786,343500000,-49.65,0.0001677
247900,0.01292,0.6734,421300000,-11.72,0.0005884
87980,0.0206,0.8075,756100000,-18.09,0.0001164
68490,0.02085,0.7724,372700000,-75.38,0.0001838
84240,0.02381,0.7033,169100000,-71.56,0.0004982
73130,0.03454,0.7758,384900000,-56.48,0.00019
42870,0.04911,0.7887,2.64e+08,-18.24,0.0001624
138000,0.04737,0.7945,958700000,-9.301,0.0001439
103800,0.02587,0.8193,912800000,-17.47,0.0001137
79710,0.03184,0.7404,256300000,-66.25,0.000311
101600,0.02105,0.819,954400000,-62.68,0.0001065
86460,0.01236,0.7293,297300000,-17.14,0.0002908
30170,0.04903,0.8079,222800000,-75.72,0.0001354
64790,0.1172,0.6704,109200000,-59.38,0.0005933
74280,0.01972,0.7978,521800000,-64.5,0.0001424
261200,0.01536,0.74,945900000,-55.46,0.0002761
39800,0.01062,0.6859,80420000,-12.39,0.0004949
148700,0.02007,0.7404,5.53e+08,-8.123,0.0002689
92200,0.01165,0.7061,251300000,-9.447,0.0003669
57250,0.01289,0.6945,125300000,-14.57,0.0004569
21520,0.02848,0.7359,64480000,-71.29,0.0003337
121200,0.0151,0.7126,292600000,-61.53,0.0004142
84600,0.01903,0.843,845100000,-73.4,0.0001001
58360,0.02163,0.7683,259700000,-65.35,0.0002247
57360,0.01514,0.8156,391500000,-58.02,0.0001465
95830,0.0113,0.6914,218400000,-11.17,0.0004388
93080,0.05289,0.7674,389800000,-74.02,0.0002388
57350,0.02782,0.7731,301200000,-16.86,0.0001904
101100,0.0476,0.7624,425400000,-76.9,0.0002377
142100,0.05263,0.728,409700000,-65.34,0.0003468
53010,0.02347,0.7683,242800000,-55.59,0.0002183
6.77,0.01034,0.7518,22560,-17.93,0.0003001
35150,0.03458,0.8309,371400000,-57.36,9.464e-05
68030,0.03707,0.7304,193800000,-77.53,0.000351
5.499,0.08284,0.9347,123100,-59.04,4.467e-05
208600,0.02852,0.7524,728300000,-69.94,0.0002864
102900,0.03443,0.8087,718900000,-61.75,0.0001431
98250,0.02496,0.7583,391100000,-57.4,0.0002512
46520,0.01161,0.7019,120300000,-7.926,0.0003867
65760,0.04707,0.6874,127100000,-75.83,0.0005174
79620,0.02695,0.765,401100000,-14.81,0.0001985
835900,0.01279,0.6198,7.68e+08,-53.82,0.001088
68190,0.02628,0.8048,515100000,-13.07,0.0001324
115700,0.03244,0.763,474500000,-60.21,0.0002438
34320,0.01529,0.6737,58010000,-8.528,0.0005916
64650,0.03436,0.7793,349100000,-20.4,0.0001852
99340,0.04412,0.7572,409600000,-60.49,0.0002425
142100,0.01342,0.7136,3.49e+08,-62.92,0.0004072
78680,0.01537,0.7828,447800000,-60.68,0.0001757
55320,0.02085,0.7155,132400000,-70.13,0.0004178
63410,0.02337,0.8093,492100000,-68.04,0.0001289
207300,0.02609,0.7623,938100000,-15.64,0.000221
66180,0.01433,0.7302,234800000,-7.671,0.0002819
183300,0.03641,0.7422,714600000,-14.36,0.0002565
60270,0.02036,0.7891,382600000,-7.886,0.0001575
73540,0.02235,0.7693,353500000,-70.76,0.000208
33910,0.04636,0.8154,273500000,-73.66,0.000124
45990,0.00974,0.6826,94700000,-14.31,0.0004856
94160,0.01543,0.8056,741600000,-7.979,0.000127
43230,0.01177,0.7049,110500000,-8.57,0.0003912
59330,0.01351,0.8389,691600000,-11.02,8.579e-05
65030,0.02156,0.8284,556800000,-71.98,0.0001168
124700,0.02226,0.8158,998100000,-17.08,0.0001249
16.94,0.01538,0.7487,67990,-8.779,0.0002492
9.77,0.1483,0.8364,83560,-60.8,0.0001169
66990,0.06856,0.6766,112100000,-68.32,0.0005976
38590,0.05104,0.8213,350800000,-67.76,0.00011
90510,0.02424,0.7578,384700000,-49.19,0.0002353
40690,0.01582,0.7404,140700000,-60.8,0.0002892
24350,0.017,0.9324,771700000,-56.66,3.155e-05
123200,0.01796,0.7852,708900000,-11.83,0.0001738
27000,0.01276,0.7171,77250000,-14.73,0.0003495
17.47,0.6449,0.8548,186900,-13.04,9.347e-05
162800,0.03737,0.7289,4.64e+08,-77.91,0.0003509
43010,0.04937,0.7434,143900000,-78.01,0.0002989
30270,0.01764,0.9131,890300000,-11.14,3.4e-05
138900,0.01826,0.7913,952500000,-68.65,0.0001458
92140,0.05977,0.745,347100000,-68.9,0.0002655
26340,0.02222,0.8647,366500000,-69.98,7.187e-05
83350,0.02563,0.7766,426200000,-18.37,0.0001956
31250,0.01292,0.6977,73950000,-11.37,0.0004226
25300,0.0463,0.7142,57420000,-69.62,0.0004406
23040,0.01553,0.7517,100100000,-17.58,0.0002302
16.38,0.009567,0.7142,44740,-13.92,0.0003661
70420,0.02245,0.6782,116700000,-62.5,0.0006034
103900,0.0296,0.7947,570900000,-63.97,0.000182
37.97,0.01155,0.7513,168200,-11.33,0.0002257
5608,0.009373,0.6555,8918000,-8.643,0.0006288
164400,0.02524,0.7776,922200000,-17.86,0.0001783
109300,0.02357,0.7361,334300000,-75.35,0.000327
26990,0.02064,0.8516,384600000,-7.938,7.018e-05
80050,0.644,0.7938,465800000,-13.92,0.0001719
161200,0.02862,0.7227,512800000,-26.23,0.0003144
130800,0.2973,0.7687,5.65e+08,-72.28,0.0002315
37630,0.01693,0.872,543100000,-14.11,6.929e-05
170200,0.05699,0.7097,4.11e+08,-62.97,0.0004141
90620,0.02524,0.7871,561900000,-18.02,0.0001613
204000,0.05426,0.7519,817100000,-70.09,0.0002497
127900,0.05558,0.6833,222800000,-72.51,0.0005741
81810,0.02492,0.8132,543800000,-60.95,0.0001504
7.841,0.01566,0.8643,86220,-51.63,9.094e-05
8.851,0.5334,0.9313,193000,-17.62,4.586e-05
66160,0.01853,0.7869,377200000,-12.99,0.0001754
43200,0.01375,0.8276,444600000,-56.22,9.717e-05
26860,0.02303,0.7982,201100000,-9.428,0.0001336
86490,0.02887,0.7616,341500000,-67.23,0.0002533
58420,0.02332,0.7377,217200000,-16.6,0.000269
81520,0.05335,0.6929,150100000,-71.7,0.0005431
55190,0.02563,0.8632,749700000,-13.94,7.362e-05
86190,0.05156,0.7211,226500000,-55.39,0.0003805
134600,0.02228,0.742,484800000,-62.66,0.0002776
52070,0.03006,0.8105,378600000,-48.36,0.0001375
14480,0.3176,0.7081,34190000,-70.96,0.0004235
55520,0.02504,0.7002,117800000,-71.29,0.0004713
145300,0.01412,0.6474,183400000,-64.69,0.0007923
55100,0.01371,0.8268,569100000,-12.54,9.682e-05
160300,0.01354,0.7276,521300000,-51.9,0.0003075
36050,0.01956,0.9236,980200000,-10.6,3.678e-05
38320,0.05585,0.6699,58280000,-67.8,0.0006575
17990,0.01562,0.9809,938800000,-14.07,1.916e-05
84400,0.02105,0.7688,329200000,-72.68,0.0002564
33650,0.01559,0.8445,400200000,-6.909,8.408e-05
57840,0.008964,0.6963,1.42e+08,-8.074,0.0004073
37010,0.03348,0.785,207500000,-69.24,0.0001784
49440,0.01856,0.873,849400000,-24.85,5.821e-05
48.86,0.01334,0.7615,235100,-12.46,0.0002078
57130,0.01033,0.814,570700000,-55,0.0001001
57550,0.02784,0.8538,802400000,-19.52,7.172e-05
452200,0.1324,0.6298,408500000,-70.26,0.001107
30880,0.01153,0.6947,71810000,-19.39,0.00043
58790,0.01492,0.8074,490400000,-9.307,0.0001199
60790,0.02934,0.7632,294600000,-68.45,0.0002063
35650,0.02622,0.8253,308800000,-67.71,0.0001154
216200,0.04697,0.7316,659500000,-60.8,0.0003278
7.151,0.009728,0.7946,41300,-18.69,0.0001731
97850,0.01176,0.7262,326100000,-9.104,0.0003001
56110,0.02249,0.7535,240300000,-63.69,0.0002335
68690,0.01883,0.7787,386400000,-9.794,0.0001778
64730,0.02027,0.7631,299700000,-64.69,0.000216
31830,0.05165,0.7723,154300000,-58.57,0.0002063
199600,0.02554,0.7682,939700000,-43.48,0.0002124
66980,0.0252,0.7921,437800000,-14.43,0.000153
88050,0.01774,0.8292,9.04e+08,-61.92,9.74e-05
46980,0.0581,0.7046,114400000,-65.37,0.0004107
61130,0.01114,0.6953,1.37e+08,-14.73,0.0004462
53060,0.00973,0.701,149700000,-8.527,0.0003544
117400,0.02558,0.7833,708900000,-19.27,0.0001656
23740,0.04861,0.7523,91280000,-68.69,0.0002601
115900,0.01946,0.7299,368300000,-69.23,0.0003147
83500,0.02451,0.7198,234200000,-61.81,0.0003565
60650,0.02707,0.825,472900000,-67.96,0.0001283
40000,0.05197,0.8015,234900000,-67.47,0.0001703
81300,0.02486,0.8085,668400000,-17.61,0.0001216
4672,0.04102,0.7602,17780000,-62.58,0.0002628
28610,0.02673,0.7084,72380000,-17.9,0.0003953
73950,0.04707,0.8309,813700000,-9.882,9.088e-05
69530,0.01787,0.8334,732400000,-11.53,9.493e-05
262700,0.01648,0.6291,261500000,-65.12,0.001005
60650,0.01016,0.6342,73370000,-14.86,0.0008266
98560,0.01145,0.718,303200000,-19.23,0.0003251
258000,0.02222,0.6964,505100000,-69.41,0.0005108
228200,0.02141,0.7494,949300000,-13.77,0.0002404
10.94,0.0632,0.7995,59430,-66.68,0.0001841
61120,0.02286,0.74,219100000,-10.69,0.000279
43400,0.01432,0.8578,626600000,-10.62,6.926e-05
62180,0.01404,0.722,204300000,-18.68,0.0003044
93350,0.02186,0.7396,311300000,-69.92,0.0002999
71080,0.02433,0.7378,224200000,-71.03,0.000317
51250,0.01606,0.6863,103600000,-14.94,0.0004947
6.869,0.02355,0.9621,197500,-50.09,3.478e-05
75490,0.0389,0.793,451400000,-67.2,0.0001672
16.27,0.03744,0.8259,128200,-70.42,0.0001269
123700,0.02219,0.7845,707400000,-10.37,0.0001749
5.164,0.299,0.8949,69670,-15.55,7.412e-05
45020,0.01572,0.875,835800000,-7.036,5.386e-05
116600,0.02503,0.7544,449900000,-21.13,0.0002592
68590,0.02599,0.7712,359100000,-70.23,0.000191
32530,0.04524,0.7772,172100000,-62.49,0.000189
84990,0.01284,0.7463,355300000,-16.66,0.0002392
62480,0.02588,0.7368,234300000,-16.9,0.0002667
119600,0.01026,0.745,468900000,-13.35,0.0002551
57560,0.01353,0.7761,301600000,-64.52,0.0001908
76660,0.0185,0.7957,538800000,-55.39,0.0001423
9.742,0.2803,0.8512,94950,-16.64,0.0001026
184900,0.05751,0.6711,257200000,-74.94,0.0007189
171900,0.01393,0.702,377300000,-61.92,0.0004556
18590,0.01663,0.8111,166100000,-8.273,0.0001119
196300,0.3083,0.6508,212700000,-72.95,0.0009229
82910,0.01144,0.7852,559900000,-9.502,0.0001481
257000,0.0632,0.7173,620400000,-63.93,0.0004142
51720,0.01174,0.8005,426500000,-9.708,0.0001213
123200,0.0229,0.7373,359300000,-78.39,0.0003429
75160,0.02831,0.8261,766900000,-18.17,9.8e-05
18470,0.01347,0.988,998400000,-56.19,1.85e-05
253700,0.01557,0.6038,188900000,-20.54,0.001343
56090,0.02514,0.7923,364200000,-11.62,0.000154
151100,0.01957,0.7032,312900000,-70.23,0.0004829
54060,0.01404,0.7504,240800000,-9.507,0.0002245
160300,0.01457,0.6937,328500000,-21.39,0.000488
88970,0.00976,0.7906,691500000,-14.32,0.0001287
37560,0.01344,0.8352,404900000,-64.14,9.276e-05
65400,0.03275,0.7865,420800000,-67.79,0.0001554
55520,0.01317,0.6726,100300000,-8.54,0.0005535
83490,0.01688,0.8007,641600000,-50.89,0.0001301
40030,0.01639,0.8654,586500000,-17.51,6.825e-05
75790,0.0242,0.7144,172800000,-74.95,0.0004386
19540,0.02502,0.7774,108600000,-70.79,0.0001799
107400,0.01989,0.8109,890700000,-16.77,0.0001206
27080,0.1435,0.6977,54570000,-81.15,0.0004962
557600,0.05833,0.6623,683400000,-76.05,0.0008159
54040,0.0202,0.8965,996400000,-20.13,5.424e-05
53650,0.009798,0.7332,2.19e+08,-18.09,0.000245
19710,0.02285,0.9034,471700000,-63.86,4.179e-05
59480,0.02824,0.8034,423600000,-55.66,0.0001404
83970,0.04443,0.783,425300000,-73.56,0.0001974
81250,0.02486,0.7034,187100000,-73.33,0.0004343
87830,0.01499,0.7549,356200000,-9.236,0.0002466
5.424,0.01537,0.9404,138900,-15.83,3.905e-05
70310,0.01473,0.8097,583300000,-9.841,0.0001205
35940,0.01726,0.8689,670800000,-11.82,5.358e-05
149200,0.02386,0.7289,408300000,-71.85,0.0003654
111700,0.02659,0.7604,5.44e+08,-21.73,0.0002053
249800,0.02379,0.6794,415900000,-73.6,0.0006006
62920,0.03811,0.7857,339200000,-63.9,0.0001855
193700,0.05036,0.7173,516800000,-21.79,0.0003748
43300,0.02313,0.8338,496800000,-10.18,8.716e-05
148800,0.01998,0.7392,526800000,-19.58,0.0002825
117600,0.01414,0.7489,395800000,-55.66,0.0002971
9.61,0.02952,1.016,543300,-53.88,1.769e-05
77220,0.01229,0.7215,244900000,-7.44,0.0003153
28770,0.01907,0.8397,315200000,-9.316,9.128e-05
120300,0.05746,0.6983,251400000,-54.7,0.0004785
4449,0.01617,0.7043,11480000,-15.65,0.0003875
5.836,0.5416,1.116,1012000,-25.22,5.767e-06
8.727,0.5271,0.9485,230600,-22.37,3.784e-05
41360,0.02289,0.8452,510400000,-11.29,8.103e-05
135000,0.02358,0.7764,6.29e+08,-68.15,0.0002146
46300,0.02318,0.8655,777800000,-13.38,5.953e-05
6.609,0.1529,0.9843,266200,-60.31,2.483e-05
151300,0.02614,0.765,697900000,-22.08,0.0002168
35310,0.009896,0.6496,51170000,-7.97,0.0006901
62230,0.02389,0.7784,323800000,-54.6,0.0001922
90020,0.03448,0.7831,514300000,-58.26,0.000175
264500,0.02889,0.7366,681400000,-68.73,0.0003882
137700,0.02381,0.7475,543800000,-59.34,0.0002532
132000,0.02093,0.7338,422400000,-68.59,0.0003125
101800,0.05961,0.6928,213300000,-75.14,0.0004773
9.238,0.04688,0.9206,175400,-73.52,5.267e-05
64510,0.05619,0.7199,162900000,-71.35,0.000396
11.99,0.2902,0.8583,144900,-13.49,8.275e-05
60940,0.0247,0.816,528700000,-49.01,0.0001153
151300,0.02363,0.7278,462400000,-68.89,0.0003272
75950,0.02284,0.8161,702800000,-13.61,0.0001081
511900,0.01495,0.6922,983200000,-59.78,0.0005206
64450,0.02195,0.8744,980800000,-55.49,6.571e-05
135900,0.01039,0.6622,222600000,-12.96,0.0006105
276500,0.04944,0.6722,422800000,-67.87,0.000654
87700,0.03185,0.7722,422200000,-63.49,0.0002077
111500,0.02208,0.7388,369600000,-56.89,0.0003017
36740,0.01292,0.7363,1.41e+08,-13.7,0.0002606
149300,0.01323,0.7379,583200000,-11.36,0.000256
189700,0.02204,0.7023,411400000,-18.31,0.0004611
101600,0.02144,0.8271,9.65e+08,-14.33,0.0001053
15270,0.05367,0.7293,43200000,-16.21,0.0003535
22810,0.05202,0.7416,89680000,-15.8,0.0002543
146100,0.02222,0.7198,370400000,-65.05,0.0003944
104700,0.008297,0.7187,348700000,-7.479,0.0003003
127900,0.04645,0.7207,347800000,-65.24,0.0003677
57470,0.02557,0.6859,99380000,-58.07,0.0005783
106700,0.01393,0.7823,666700000,-10.29,0.00016
27190,0.04381,0.8233,2.68e+08,-63.21,0.0001015
91600,0.01909,0.8419,979500000,-23.36,9.352e-05
125000,0.05777,0.7556,498200000,-73.93,0.0002509
41200,0.01883,0.7244,125500000,-9.628,0.0003283
51920,0.0111,0.74,213200000,-12.25,0.0002435
142100,0.01606,0.7164,3.2e+08,-69.33,0.0004441
103600,0.02356,0.7744,616300000,-15.71,0.0001681
94100,0.02054,0.6688,137800000,-68.55,0.0006829
64130,0.01581,0.8644,986700000,-64.6,6.499e-05
122500,0.01562,0.7974,892200000,-7.637,0.0001373
103800,0.03618,0.7627,517300000,-19.29,0.0002007
77330,0.02278,0.7701,3.96e+08,-10.39,0.0001953
32560,0.01907,0.8746,562500000,-8.831,5.788e-05
48.69,0.03104,0.8892,953200,-28.94,5.108e-05
65300,0.04932,0.7908,386200000,-82.04,0.0001691
105800,0.01852,0.7417,411500000,-64.99,0.0002571
76700,0.04079,0.8142,569300000,-69.16,0.0001347
25300,0.02195,0.8915,487200000,-71.43,5.193e-05
167500,0.02241,0.7613,775100000,-49.96,0.0002161
221800,0.02843,0.6857,381800000,-67.25,0.0005809
28070,0.04999,0.7817,148800000,-74.09,0.0001886
69900,0.02265,0.8496,861100000,-55.94,8.118e-05
147700,0.00982,0.7031,395100000,-15.28,0.0003738
196400,0.03234,0.7231,513600000,-21.07,0.0003824
200100,0.02272,0.7733,967500000,-77,0.0002068
52680,0.02427,0.8752,930400000,-17.38,5.662e-05
144900,0.02152,0.7039,318200000,-65.76,0.0004554
22190,0.01747,0.769,122900000,-11.7,0.0001806
84650,0.01174,0.7713,486900000,-13.62,0.0001739
23850,0.01807,0.7832,129400000,-14.6,0.0001843
7.885,0.03289,0.8291,66870,-16.58,0.0001179
75500,0.01704,0.7451,2.61e+08,-63.73,0.0002893
78480,0.01799,0.7976,553400000,-55.61,0.0001418
174700,0.02148,0.7473,718600000,-18.46,0.0002431
99540,0.01863,0.8121,732900000,-10.28,0.0001358
44560,0.02277,0.8627,669300000,-12.25,6.658e-05
34230,0.01449,0.7678,168800000,-10.38,0.0002028
91080,0.01165,0.7201,287200000,-15.25,0.0003171
30350,0.01129,0.6712,53530000,-13.45,0.000567
27710,0.02499,0.8572,319900000,-70.25,8.662e-05
95120,0.009022,0.6772,177300000,-8.304,0.0005365
270600,0.01097,0.7008,734100000,-9.692,0.0003686
80170,0.01586,0.7642,371500000,-67.28,0.0002158
67100,0.0142,0.839,782900000,-8.93,8.571e-05
46.58,0.02399,0.8483,514800,-68.31,9.048e-05
74980,0.03137,0.7987,4.69e+08,-61.98,0.0001599
86380,0.02161,0.7351,265400000,-66.75,0.0003255
17270,0.02331,0.7903,118300000,-12.53,0.000146
69090,0.04821,0.8166,648200000,-12.14,0.0001066
163000,0.04853,0.7798,955500000,-17.81,0.0001706
146400,0.01314,0.6649,2.35e+08,-10.68,0.000623
395500,0.0112,0.6817,857700000,-9.512,0.0004611
279000,0.04875,0.6485,326300000,-68.18,0.000855
58650,0.01871,0.7516,2.2e+08,-10.48,0.0002666
126700,0.02237,0.7819,717900000,-11.56,0.0001765
198000,0.01893,0.712,518200000,-69.85,0.0003821
92.98,0.01356,0.7144,254500,-13.57,0.0003653
55230,0.02168,0.7881,291600000,-66.85,0.0001894
30320,0.1089,0.7577,129800000,-79.41,0.0002336
68520,0.03268,0.7563,259600000,-57.63,0.0002639
23910,0.01855,0.7856,142400000,-14.25,0.0001679
115900,0.05139,0.7428,444300000,-12.77,0.0002609
62050,0.05242,0.8043,388100000,-72.37,0.0001599
98460,0.02097,0.78,558200000,-7.543,0.0001764
97050,0.03354,0.7698,455600000,-57.93,0.000213
66690,0.01857,0.859,874500000,-10.74,7.626e-05
17150,0.01135,0.6513,24660000,-35.93,0.0006955
18410,0.01115,0.6912,41440000,-13.46,0.0004443
7.218,0.01749,0.8009,38910,-66.41,0.0001855
114100,0.04352,0.7103,239500000,-64.54,0.0004764
17.24,0.02872,0.9613,659400,-17.61,2.614e-05
43240,0.01123,0.7154,1.32e+08,-57.15,0.0003276
118600,0.05793,0.7221,318300000,-74.74,0.0003726
140500,0.01754,0.718,394800000,-61.31,0.0003559
66430,0.03826,0.7804,408600000,-62.88,0.0001626
122600,0.02237,0.7544,521900000,-53.95,0.0002349
69720,0.2936,0.7328,236100000,-10.57,0.0002953
9.849,0.05778,0.8873,138300,-15.49,7.121e-05
113600,0.01139,0.7666,606700000,-11.22,0.0001872
114200,0.02849,0.7376,374400000,-71.24,0.000305
21640,0.04657,0.7951,137400000,-70.63,0.0001575
36750,0.03451,0.7698,179200000,-58.36,0.0002051
55.45,0.023,0.769,289800,-8.996,0.0001913
80500,0.01282,0.6908,187300000,-15.88,0.0004298
42690,0.01845,0.7755,223600000,-74.54,0.0001909
169900,0.04885,0.7554,692300000,-29.99,0.0002454
151400,0.04702,0.7401,541400000,-60.07,0.0002796
40120,0.02861,0.8168,303300000,-67.9,0.0001323
284900,0.01472,0.6616,428200000,-9.04,0.0006653
44080,0.01866,0.8894,858800000,-10.12,5.133e-05
289300,0.0256,0.7163,737800000,-23.18,0.0003921
28910,0.03016,0.8238,229600000,-66.88,0.0001259
70.72,0.02907,0.7741,333300,-12.92,0.0002122
19310,0.0157,0.7869,117400000,-17.68,0.0001645
66060,0.06888,0.7569,254800000,-66.21,0.0002593
86970,0.02526,0.7427,281800000,-66.82,0.0003086
4.286,0.359,1.141,733100,-16.66,5.846e-06
214500,0.01764,0.6658,313900000,-61.04,0.0006833
95080,0.0101,0.6724,164400000,-14.89,0.0005783
99230,0.02282,0.7687,512500000,-11.06,0.0001936
111500,0.05442,0.7319,347700000,-70.46,0.0003207
64260,0.04755,0.787,407400000,-61.15,0.0001577
79720,0.02343,0.7995,513500000,-50.33,0.0001552
41290,0.02287,0.7943,248900000,-65.12,0.0001659
71710,0.01452,0.8023,535900000,-9.386,0.0001338
98210,0.05217,0.7117,239300000,-65.29,0.0004104
56950,0.02316,0.8067,466300000,-10.24,0.0001221
114300,0.01109,0.6784,224700000,-11.38,0.0005087
81090,0.03188,0.7138,185300000,-59.81,0.0004376
68140,0.02397,0.8449,910900000,-12.2,7.481e-05
219800,0.0281,0.7182,555400000,-70.03,0.0003958
25240,0.0234,0.8291,273100000,-64.49,9.242e-05
112000,0.02412,0.7521,457200000,-51.51,0.000245
69860,0.01335,0.8035,5.07e+08,-12.73,0.0001378
137000,0.04507,0.7359,415500000,-63.38,0.0003297
104300,0.03518,0.767,498900000,-61.88,0.0002091
182100,0.05099,0.6744,267700000,-77.61,0.0006802
263,0.01355,0.6839,523000,-10.09,0.0005029
85340,0.04686,0.764,355200000,-65.5,0.0002403
109800,0.01536,0.6944,251900000,-15.3,0.0004359
120300,0.02114,0.7611,534300000,-7.506,0.0002252
128700,0.0213,0.8018,961300000,-17.49,0.0001339
34470,0.01719,0.7916,213100000,-13.96,0.0001618
109400,0.02768,0.7843,653900000,-15.24,0.0001673
152600,0.02569,0.6904,255700000,-67.54,0.0005968
35120,0.04877,0.7248,104500000,-66.94,0.0003361
29530,0.02296,0.898,579500000,-10.74,5.096e-05
75360,0.01514,0.8131,584800000,-9.49,0.0001289
116400,0.02154,0.7513,424900000,-64.19,0.0002739
95130,0.01413,0.8103,740300000,-10.84,0.0001285
215900,0.03008,0.7713,948400000,-52.27,0.0002276
56790,0.0248,0.8129,437700000,-58.72,0.0001297
119900,0.01975,0.7999,9.07e+08,-35.42,0.0001322
47270,0.02095,0.777,255100000,-15.14,0.0001853
90060,0.03695,0.7213,270700000,-57.12,0.0003327
10730,0.02367,0.6625,14570000,-61.69,0.0007364
6.79,0.4148,1.007,313900,-18.92,2.163e-05
90410,0.01538,0.8286,968500000,-55.67,9.335e-05
73950,0.02614,0.7369,231700000,-58.12,0.0003192
158700,0.02567,0.6726,262600000,-21.07,0.0006043
153900,0.02565,0.7935,970500000,-20.39,0.0001586
211500,0.04798,0.7529,878100000,-15.96,0.0002409
103700,0.01788,0.7302,361200000,-10.8,0.0002871
41300,0.02287,0.7733,223700000,-10.24,0.0001846
293300,0.02511,0.6372,333500000,-15.52,0.0008795
23530,0.01928,0.8064,1.67e+08,-10.74,0.0001409
65170,0.0176,0.8238,522600000,-13.69,0.0001247
79470,0.01304,0.7886,506900000,-12.08,0.0001568
33160,0.0204,0.8218,3.23e+08,-58.47,0.0001027
30920,0.02558,0.7794,1.69e+08,-67.14,0.000183
54330,0.01846,0.7385,174100000,-74.22,0.0003121
114700,0.01201,0.6197,108700000,-61.97,0.001055
61920,0.02548,0.7462,236700000,-20.09,0.0002616
49870,0.01956,0.8499,650700000,-7.83,7.664e-05
168100,0.0535,0.6923,298600000,-75.37,0.000563
196000,0.02147,0.6719,3.13e+08,-65.45,0.0006262
151700,0.009473,0.7538,734800000,-16.39,0.0002065
78310,0.02392,0.8276,8.36e+08,-17.91,9.367e-05
392700,0.01946,0.6403,398500000,-60.4,0.0009854
101900,0.04789,0.8179,9.81e+08,-7.951,0.0001039
123900,0.01166,0.6697,214200000,-10.03,0.0005784
33820,0.025,0.8222,301900000,-21.04,0.000112
100500,0.01364,0.7242,301800000,-11.63,0.000333
133800,0.02204,0.6908,244200000,-67.34,0.0005479
123800,0.03946,0.7904,833500000,-59.36,0.0001485
74100,0.02566,0.7778,400700000,-58.43,0.0001849
14180,0.01165,0.7469,63910000,-7.273,0.0002219
48860,0.0252,0.7994,338100000,-15.59,0.0001445
262400,0.04111,0.6919,449100000,-68.59,0.0005843
49230,0.009874,0.7012,130500000,-13.56,0.0003772
52540,0.05758,0.7489,210300000,-68.97,0.0002498
34510,0.01841,0.8133,301400000,-51.5,0.0001145
26040,0.02666,0.8303,241800000,-59.41,0.0001077
37630,0.2901,0.7202,107200000,-10.71,0.000351
161000,0.01531,0.7482,6.75e+08,-8.191,0.0002385
27390,0.03559,0.7929,157500000,-67.05,0.0001739
43360,0.02909,0.8051,330400000,-41.43,0.0001312
218900,0.02408,0.6861,363700000,-72.35,0.0006019
60230,0.02281,0.8286,607600000,-10.42,9.913e-05
78880,0.01026,0.8064,720300000,-13.73,0.0001095
58070,0.01113,0.7156,1.68e+08,-11.37,0.0003457
136800,0.01163,0.7743,804800000,-7.176,0.00017
9.513,0.01192,0.9116,222200,-8.466,4.281e-05
128400,0.01156,0.6897,269500000,-15.98,0.0004764
43050,0.02414,0.7706,197100000,-71.67,0.0002184
122100,0.02545,0.7177,320500000,-68.69,0.000381
74600,0.00894,0.6471,99930000,-53.4,0.0007465
20990,0.05399,0.7871,117600000,-75.77,0.0001785
38250,0.05581,0.7804,220200000,-72.24,0.0001737
61130,0.01542,0.8172,485100000,-62.95,0.000126
13.71,0.5082,0.7822,71620,-7.956,0.0001914
162100,0.01532,0.7218,445200000,-60.84,0.0003641
48140,0.02242,0.7366,1.57e+08,-68.25,0.0003066
44930,0.01717,0.7517,191700000,-13.23,0.0002344
154400,0.02254,0.7258,478400000,-60.63,0.0003227
51130,0.01636,0.7239,153800000,-66.92,0.0003324
78030,0.04943,0.6913,157600000,-39.52,0.0004951
36840,0.03096,0.8768,547700000,-64.06,6.726e-05
10.63,0.02036,0.9594,342300,-59.97,3.105e-05
49970,0.01919,0.8802,895600000,-13.98,5.579e-05
112400,0.02296,0.8009,8.35e+08,-54.52,0.0001346
219000,0.01529,0.7182,554800000,-55.69,0.0003947
65520,0.008865,0.7824,433300000,-9.77,0.0001512
174900,0.04606,0.7491,608700000,-70.91,0.0002873
31420,0.03446,0.8336,292500000,-65.45,0.0001074
60310,0.01596,0.7469,229500000,-50.56,0.0002628
99930,0.02463,0.7612,4.59e+08,-61.41,0.0002177
149600,0.05083,0.6812,230100000,-68.42,0.0006502
189300,0.009931,0.6377,223200000,-18.83,0.0008481
84070,0.04572,0.8424,8.45e+08,-10.04,9.949e-05
60920,0.01306,0.6799,117500000,-11.29,0.0005185
38940,0.01206,0.7424,153100000,-23.6,0.0002543
58270,0.01352,0.825,534200000,-12.51,0.0001091
136000,0.02297,0.7516,5.56e+08,-8.197,0.0002446
66620,0.05409,0.7485,254100000,-66.58,0.0002622
93330,0.02251,0.7477,374600000,-64.01,0.0002491
106000,0.02317,0.7484,398700000,-13.12,0.0002659
50720,0.02357,0.8214,429500000,-54.76,0.0001181
105800,0.02178,0.712,251300000,-66.67,0.000421
37500,0.04581,0.7089,82890000,-64.76,0.0004524
87540,0.0222,0.8117,631300000,-67.11,0.0001387
36180,0.02343,0.7847,226700000,-68,0.0001596
85280,0.0219,0.8479,947200000,-70.48,9.003e-05
88640,0.02291,0.7776,510600000,-16.39,0.0001736
115800,0.02491,0.7834,717600000,-13.73,0.0001614
50910,0.03084,0.8001,304100000,-62.44,0.0001674
48800,0.009981,0.688,109200000,-7.15,0.0004469
99900,0.01841,0.7629,454600000,-60,0.0002198
35580,0.01468,0.8039,283800000,-9.873,0.0001254
29260,0.05369,0.7328,89070000,-71.3,0.0003285
144600,0.01526,0.7749,743900000,-55.59,0.0001944
106100,0.01923,0.7495,421500000,-70.68,0.0002517
75790,0.01487,0.7762,449900000,-9.268,0.0001685
43630,0.02108,0.6747,65210000,-71.56,0.0006691
80960,0.0297,0.7864,4.48e+08,-45.71,0.0001807
6.477,0.2681,1.016,354100,-12.46,1.829e-05
82030,0.03653,0.7675,4.29e+08,-47.46,0.0001912
55630,0.01228,0.7442,225700000,-7.946,0.0002465
50770,0.01301,0.7745,262600000,-13.54,0.0001933
177800,0.03424,0.7417,589800000,-58,0.0003015
160500,0.01374,0.7333,498300000,-63.02,0.0003221
41000,0.02012,0.8091,365700000,-15.19,0.0001121
226900,0.01946,0.6902,453400000,-61.89,0.0005004
41150,0.02123,0.7611,170500000,-61.48,0.0002413
62330,0.01265,0.6594,91100000,-43.99,0.0006842
62550,0.02347,0.8016,494300000,-18.68,0.0001265
187300,0.04616,0.7448,652100000,-12.98,0.0002872
57720,0.02261,0.8217,551900000,-70.34,0.0001046
60190,0.02244,0.7936,406400000,-51.31,0.0001481
94790,0.0151,0.7379,301900000,-61.95,0.000314
45100,0.02321,0.7573,174300000,-73.75,0.0002587
198400,0.02204,0.6944,378500000,-67.95,0.0005242
144800,0.01998,0.7127,380200000,-47.68,0.0003809
40660,0.01469,0.78,2.15e+08,-18.95,0.0001891
67600,0.02461,0.8404,807900000,-24.59,8.367e-05
61390,0.01716,0.7936,437700000,-11.47,0.0001403
78850,0.02137,0.7771,437400000,-68.49,0.0001803
147300,0.02489,0.7474,527400000,-18.57,0.0002793
45380,0.02259,0.7279,134800000,-12.51,0.0003366
76310,0.02158,0.7601,307900000,-65.14,0.0002478
36.31,0.01194,0.8131,318000,-15.93,0.0001142
122000,0.009883,0.7414,533800000,-13.07,0.0002286
83240,0.01293,0.7697,440600000,-11.94,0.0001889
94010,0.4004,0.7564,437300000,-12.13,0.000215
83860,0.5214,0.7004,162100000,-15.57,0.0005173
53590,0.01152,0.6423,62690000,-14.76,0.0008548
209500,0.01975,0.7133,531400000,-22.44,0.0003942
42620,0.0181,0.7866,250800000,-71.14,0.0001699
207600,0.009725,0.6651,339600000,-54.98,0.0006113
70510,0.0351,0.8228,5.75e+08,-65.66,0.0001226
65630,0.0186,0.7663,295300000,-54.41,0.0002222
67650,0.009098,0.7163,225500000,-14.24,3e-04
187100,0.02716,0.6839,375300000,-14.51,0.0004985
32830,0.02432,0.8721,560500000,-19.36,5.857e-05
59460,0.01924,0.8224,556200000,-17.99,0.0001069
84820,0.01491,0.8384,8.96e+08,-9.742,9.467e-05
144900,0.02176,0.7413,515800000,-16.88,0.0002809
7.406,0.01647,0.881,112200,-14.18,6.601e-05
13000,0.0291,0.856,177800000,-61.1,7.312e-05
98820,0.01194,0.8037,843900000,-8.692,0.0001171
53060,0.02544,0.8519,746500000,-12.33,7.108e-05
109000,0.03633,0.7608,468300000,-72.88,0.0002328
9.894,0.009192,0.823,86850,-10.9,0.0001139
130200,0.05246,0.6895,2.29e+08,-69.87,0.0005686
45000,0.02599,0.8118,370900000,-47.72,0.0001213
161800,0.01628,0.7887,842200000,-67.94,0.0001921
117400,0.02442,0.7289,3.65e+08,-68.92,0.0003216
148900,0.01919,0.6891,289600000,-70.2,0.0005142
37.71,0.02307,0.955,1300000,-64.77,2.901e-05
76410,0.01715,0.7152,207700000,-13.56,0.0003679
176200,0.02232,0.7613,799200000,-54.15,0.0002205
181500,0.05442,0.7363,566200000,-68.78,0.0003206
26380,0.01748,0.8465,309600000,-61.16,8.521e-05
75400,0.02771,0.8351,813800000,-12.77,9.265e-05
41840,0.02296,0.857,609600000,-9.663,6.864e-05
43340,0.02521,0.7868,2.68e+08,-15.79,0.0001617
63.47,0.01818,0.7814,397100,-7.135,0.0001598
110800,0.05196,0.758,440300000,-64.09,0.0002516
36100,0.02528,0.8113,277700000,-62.21,0.00013
78660,0.02221,0.8341,697800000,-67.56,0.0001127
90350,0.02539,0.8392,997200000,-61.96,9.06e-05
19.15,0.01293,0.7749,105400,-14.06,0.0001817
86810,0.02044,0.7238,254200000,-16.84,0.0003415
52.28,0.009433,0.74,204000,-12.93,0.0002563
72970,0.01533,0.8488,981900000,-54.94,7.432e-05
119600,0.01046,0.6866,273800000,-24.65,0.0004368
72640,0.009378,0.606,61990000,-10.26,0.001172
113300,0.03585,0.72,315500000,-57.67,0.0003591
208500,0.009516,0.6743,400200000,-20.69,0.000521
53460,0.02278,0.8405,618700000,-9.252,8.641e-05
58960,0.0286,0.8646,893400000,-12.62,6.6e-05
133400,0.03192,0.7722,612400000,-61.87,0.0002178
54630,0.02421,0.852,755200000,-12.14,7.234e-05
44500,0.03891,0.8248,390100000,-68.38,0.0001141
119000,0.02524,0.788,7.39e+08,-17.9,0.000161
187400,0.05644,0.6802,303600000,-65.37,0.0006173
49480,0.0178,0.8178,410600000,-58.72,0.0001205
240400,0.04722,0.718,643700000,-59.81,0.0003735
31690,0.01957,0.7938,228900000,-8.622,0.0001384
61140,0.03377,0.8109,450200000,-69.63,0.0001358
108500,0.03026,0.7401,389400000,-54.93,0.0002786
114400,0.02818,0.7126,325800000,-16.78,0.0003511
27820,0.01517,0.8991,656600000,-7.948,4.237e-05
109200,0.02847,0.756,376200000,-71.25,0.0002903
86600,0.02875,0.7299,248600000,-49.36,0.0003484
180700,0.02324,0.7187,486400000,-63.2,0.0003715
52070,0.0175,0.8797,967300000,-12.27,5.383e-05
9.23,0.08194,0.9591,305300,-62.93,3.023e-05
5.77,0.5266,1.072,613100,-12.93,9.411e-06
7.757,0.1896,0.871,85250,-65.42,9.099e-05
36760,0.01685,0.8711,567700000,-13.8,6.475e-05
57370,0.02103,0.7975,418900000,-58.36,0.000137
101100,0.06811,0.7263,283100000,-66.81,0.0003571
34120,0.05147,0.737,109300000,-54.46,0.0003122
366600,0.01059,0.6732,6.55e+08,-13.38,0.0005597
56840,0.02277,0.7983,406700000,-13.13,0.0001398
157400,0.0245,0.7049,327100000,-69.43,0.0004812
60630,0.01011,0.6849,118100000,-15.5,0.0005134
119600,0.02759,0.7627,5.58e+08,-18.7,0.0002143
6.142,0.009219,0.8752,90540,-14.44,6.784e-05
56040,0.02095,0.7723,323400000,-17.84,0.0001733
37950,0.01963,0.7541,152700000,-16.43,0.0002485
179800,0.01515,0.7002,444100000,-7.269,0.0004049
317800,0.02162,0.7098,712400000,-67.5,0.0004461
103400,0.02176,0.6984,233900000,-70.39,0.0004421
354800,0.02034,0.64,377800000,-54.96,0.0009391
51750,0.02018,0.7817,299200000,-68.73,0.000173
64920,0.02258,0.8326,6.71e+08,-11.07,9.675e-05
54930,0.05774,0.7509,2.05e+08,-74.76,0.000268
153600,0.02721,0.7457,580600000,-21.27,0.0002646
146200,0.04822,0.7373,497600000,-12.18,0.0002938
44940,0.01088,0.7231,154100000,-11.47,0.0002916
22690,0.01466,0.7742,1.18e+08,-10.14,0.0001923
76330,0.02524,0.8064,559500000,-20.53,0.0001364
83480,0.01432,0.7355,312700000,-7.95,0.000267
76110,0.04928,0.7639,334200000,-77.12,0.0002277
29650,0.01951,0.7439,114300000,-67.06,0.0002594
217400,0.02276,0.7361,751400000,-60.19,0.0002893
91100,0.04479,0.752,323100000,-64.95,0.000282
76910,0.02272,0.8573,998900000,-16.1,7.699e-05
158500,0.01568,0.7146,389400000,-60.88,0.000407
160400,0.05152,0.7615,655500000,-54.72,0.0002447
51640,0.0227,0.7042,116200000,-13.85,0.0004444
35640,0.02069,0.7535,144700000,-16.23,0.0002463
31090,0.02276,0.8245,2.98e+08,-71.71,0.0001043
97390,0.01093,0.7171,304500000,-11.96,0.0003198
282800,0.02326,0.699,593600000,-63.03,0.0004764
22080,0.02097,0.9672,997200000,-21.73,2.214e-05
101300,0.0202,0.8144,769100000,-8.486,0.0001317
129800,0.01513,0.7833,776600000,-55.68,0.0001671
34140,0.02018,0.8087,289200000,-16.37,0.000118
116800,0.01353,0.6547,1.65e+08,-20.02,0.0007079
64300,0.01091,0.7194,189400000,-12.62,0.0003395
137500,0.02221,0.7577,558700000,-16.13,0.0002461
51110,0.02736,0.7787,303100000,-18.55,0.0001686
83410,0.01548,0.6721,150900000,-14.18,0.0005528
53430,0.03299,0.7768,266200000,-67.61,0.0002007
48370,0.01915,0.781,266800000,-9.25,0.0001813
183500,0.04683,0.7796,980100000,-18.16,0.0001872
36490,0.05665,0.7512,123900000,-73.44,0.0002945
40180,0.04022,0.8176,369200000,-16.8,0.0001088
26730,0.02269,0.7819,1.51e+08,-70.74,0.000177
43580,0.02179,0.7172,110300000,-69.71,0.0003951
280200,0.0488,0.7227,799700000,-28,0.0003504
4.736,0.0235,0.9149,74760,-66.76,6.335e-05
1828,0.387,0.7648,8987000,-13.99,0.0002034
108700,0.01569,0.7619,519800000,-69.73,0.0002091
7554,0.007736,0.6235,8463000,-15.11,0.0008926
45380,0.01827,0.7785,242800000,-70.99,0.0001869
57180,0.01835,0.8433,703900000,-30.63,8.123e-05
45660,0.04905,0.7853,276100000,-68.5,0.0001654
110800,0.02518,0.7745,571100000,-18.75,0.000194
133300,0.008936,0.6774,2.74e+08,-15.94,0.0004865
94360,0.01431,0.7146,266500000,-10.02,0.0003541
170900,0.01248,0.6723,2.98e+08,-19.15,0.0005735
6.312,0.3839,0.9615,200500,-16.26,3.148e-05
203100,0.01915,0.7327,612900000,-60.3,0.0003314
54000,0.02295,0.8545,749900000,-15.54,7.201e-05
6.076,0.02897,0.912,106200,-65.44,5.721e-05
128300,0.02595,0.6787,198500000,-65.91,0.0006463
41090,0.03027,0.9012,979700000,-18.97,4.194e-05
48730,0.01729,0.7915,345500000,-12.23,0.000141
52870,0.01852,0.801,381800000,-13.41,0.0001385
187500,0.03221,0.7092,413200000,-55.54,0.0004538
452200,0.01555,0.6841,835200000,-55.32,0.0005414
45950,0.01935,0.8474,591700000,-19.28,7.766e-05
96680,0.02167,0.7099,222500000,-54.97,0.0004345
59200,0.01368,0.7952,423300000,-13.66,0.0001399
104500,0.02274,0.817,815300000,-12.36,0.0001282
69690,0.04687,0.7027,146400000,-65.18,0.000476
128400,0.05459,0.7045,279300000,-75.57,0.0004597
93900,0.02365,0.7039,203300000,-14.13,0.0004619
5.029,0.4006,1.121,945100,-12.96,5.321e-06
29300,0.01223,0.7349,103800000,-7.606,0.0002823
6741,0.04989,0.7404,23520000,-19.5,0.0002866
42440,0.02144,0.8347,450900000,-14.37,9.412e-05
611500,0.03003,0.676,994500000,-58.17,0.0006149
68190,0.01563,0.8147,666100000,-7.136,0.0001024
16220,0.02939,0.9267,4.21e+08,-64.44,3.853e-05
147800,0.0477,0.787,975700000,-7.852,0.0001515
123800,0.02543,0.7167,372200000,-12.09,0.0003326
77490,0.02195,0.7666,352300000,-66.5,0.00022
159500,0.02382,0.7827,743400000,-68.81,0.0002146
61920,0.009022,0.7417,258200000,-17.95,0.0002398
44280,0.02479,0.7253,133100000,-60.27,0.0003327
142000,0.02272,0.7784,795700000,-11.95,0.0001785
246700,0.02107,0.7304,799900000,-15.88,0.0003084
114000,0.02245,0.7516,461700000,-49.64,0.0002469
20760,0.09429,0.7774,1.1e+08,-74.12,0.0001887
114100,0.03499,0.734,371600000,-70.02,0.0003071
59990,0.01151,0.6785,113100000,-9.301,0.0005304
160200,0.04796,0.7303,461100000,-71.11,0.0003474
26790,0.02167,0.8399,250800000,-68.28,0.0001068
24460,0.01395,0.6838,48950000,-9.425,0.0004997
111700,0.02215,0.7381,410200000,-15.58,0.0002723
264800,0.02119,0.7358,922700000,-14.78,0.000287
68710,0.02158,0.7891,428800000,-15.68,0.0001602
94660,0.01938,0.686,167700000,-58.06,0.0005645
103300,0.021,0.7749,503900000,-67.61,0.000205
149800,0.0484,0.7677,767200000,-13.69,0.0001953
115800,0.0256,0.7563,471800000,-43.24,0.0002454
56200,0.01413,0.7914,369600000,-10.96,0.0001521
72830,0.01678,0.7199,206900000,-64.87,0.000352
94070,0.02174,0.822,985300000,-12.91,9.547e-05
122700,0.01848,0.6844,245900000,-62.43,0.000499
270800,0.007848,0.6724,528500000,-47.44,0.0005124
9606,0.008806,0.6268,9807000,-12.82,0.0009795
130300,0.04848,0.797,965100000,-18.48,0.000135
330600,0.01561,0.7076,827900000,-55.28,0.0003993
147200,0.0157,0.7146,361300000,-61.07,0.0004074
62870,0.01723,0.8486,802400000,-13.14,7.835e-05
66810,0.01288,0.8811,980800000,-63.77,6.812e-05
15.65,0.03075,0.8862,207200,-20.78,7.553e-05
19310,0.02132,0.8253,167900000,-64.04,0.000115
23130,0.02891,0.8566,302700000,-19.13,7.641e-05
223500,0.01556,0.7483,935800000,-55.54,0.0002388
67250,0.04865,0.7085,177300000,-63.34,0.0003793
46740,0.01669,0.8744,763100000,-8.714,6.125e-05
87730,0.02266,0.7673,428700000,-12.49,0.0002046
98510,0.02004,0.7836,538400000,-19.13,0.000183
70330,0.03046,0.8157,650900000,-13.57,0.0001081
18940,0.01914,0.7838,108500000,-18.99,0.0001746
65440,0.01479,0.6657,99700000,-56.92,0.0006564
90970,0.02334,0.7404,351100000,-13.53,0.0002591
25.38,0.01444,0.8132,222400,-10.89,0.0001141
47570,0.01515,0.7791,248500000,-61.29,0.0001914
184200,0.009547,0.6822,393800000,-14.09,0.0004678
206400,0.02482,0.6914,410200000,-62.29,0.0005032
72380,0.02816,0.7287,217700000,-55.07,0.0003325
173200,0.02287,0.7747,851800000,-13.54,0.0002033
91610,0.02202,0.8515,985800000,-17.88,9.293e-05
37420,0.01696,0.8737,565500000,-56.77,6.617e-05
22200,0.009796,0.7196,76310000,-10.3,0.0002909
71630,0.02474,0.8267,723700000,-15.26,9.898e-05
93060,0.0158,0.7696,493400000,-68.16,0.0001886
86610,0.02228,0.7345,240200000,-69.41,0.0003606
57470,0.0223,0.8153,5.02e+08,-47.7,0.0001145
231100,0.02526,0.6997,4.74e+08,-63.93,0.0004876
18640,0.02778,0.9115,4.15e+08,-19.21,4.492e-05
76840,0.05217,0.7211,200300000,-61.8,0.0003836
107500,0.05311,0.7835,614600000,-65.29,0.0001749
74690,0.01866,0.7947,5.18e+08,-54.66,0.0001442
47730,0.02176,0.7287,154500000,-71.31,0.0003089
102000,0.02739,0.826,989200000,-21.47,0.0001031
105400,0.0343,0.7464,372400000,-58.56,0.000283
175800,0.00975,0.621,173700000,-18.31,0.001012
79280,0.03426,0.7804,431600000,-11.98,0.0001837
13.19,0.03834,0.9322,335400,-24.04,3.933e-05
56450,0.02338,0.8199,541200000,-18.48,0.0001043
80720,0.02112,0.6972,174600000,-17.03,0.0004623
50440,0.1133,0.8295,491300000,-25.63,0.0001027
59300,0.01697,0.8176,507400000,-13.06,0.0001169
29100,0.02292,0.8896,619600000,-10.86,4.697e-05
86470,0.02399,0.8394,827700000,-69.94,0.0001045
79140,0.01445,0.832,832900000,-20.67,9.502e-05
88070,0.02323,0.8287,920600000,-11.61,9.567e-05
30610,0.01486,0.7202,93220000,-7.706,0.0003284
113900,0.05776,0.7632,491600000,-69.99,0.0002317
54910,0.02533,0.7629,251900000,-71.03,0.000218
49860,0.03517,0.7598,239500000,-23.27,0.0002082
124800,0.01573,0.7776,753200000,-55.31,0.0001657
42360,0.02315,0.8856,899800000,-9.922,4.708e-05
192800,0.04693,0.7278,557600000,-63.59,0.0003458
4.273,0.0158,0.9769,165400,-10.35,2.583e-05
35390,0.01149,0.6995,91840000,-10.71,0.0003853
5.265,0.03955,1.103,612700,-76.7,8.593e-06
72920,0.05209,0.7609,267700000,-72.53,0.0002724
37960,0.01944,0.7942,252300000,-61.11,0.0001505
202200,0.02144,0.7449,747400000,-64.22,0.0002705
177900,0.0228,0.7349,586800000,-64,0.0003032
96070,0.02085,0.7947,660300000,-62.59,0.0001455
63350,0.01168,0.6865,126900000,-12.13,0.0004992
86630,0.02541,0.7897,571500000,-23.14,0.0001516
46750,0.0593,0.6974,87370000,-81,0.0005351
13370,0.01541,0.7101,36370000,-7.409,0.0003676
72690,0.01194,0.7243,263900000,-7.927,0.0002754
292900,0.0202,0.6819,534200000,-68.57,0.0005483
81710,0.02259,0.7665,368500000,-13.31,0.0002217
63660,0.01653,0.8479,753800000,-16.32,8.445e-05
50.93,0.02554,0.9139,1127000,-14.04,4.519e-05
142400,0.01986,0.7566,598800000,-63.37,0.0002378
95990,0.02743,0.7973,691300000,-15.22,0.0001389
128900,0.02047,0.7436,490800000,-47.78,0.0002626
73660,0.01823,0.8669,999500000,-50.46,7.37e-05
141700,0.01074,0.7421,591300000,-12.09,0.0002396
88980,0.02295,0.7845,558400000,-17.07,0.0001593
61050,0.03465,0.8196,569900000,-15.17,0.0001071
32930,0.01351,0.7387,131700000,-62.66,0.00025
63690,0.01479,0.7593,3.22e+08,-7.57,0.0001978
236200,0.009205,0.6265,253900000,-15.62,0.0009303
195700,0.02025,0.6936,395900000,-70.59,0.0004943
131200,0.02541,0.7809,705600000,-20.93,0.0001859
297300,0.01396,0.7292,894500000,-60.73,0.0003324
53090,0.01902,0.802,380800000,-14.04,0.0001394
40060,0.02394,0.7981,263800000,-76.92,0.0001519
13.3,0.3867,0.7837,70940,-10.39,0.0001875
104700,0.02042,0.7191,299300000,-62.94,0.0003498
40710,0.02866,0.6418,48450000,-10.26,0.0008402
202500,0.05519,0.6953,3.95e+08,-72.39,0.0005127
66920,0.01499,0.8139,5.26e+08,-9.591,0.0001272
165100,0.02661,0.7121,428300000,-42,0.0003855
51720,0.03043,0.7778,232600000,-62.92,0.0002224
143500,0.02572,0.7297,442100000,-13.27,0.0003246
93860,0.04934,0.7791,519400000,-35.26,0.0001807
61450,0.01968,0.8112,509400000,-60.2,0.0001206
100500,0.02383,0.7741,453400000,-73.51,0.0002217
127200,0.01508,0.8038,963400000,-55.81,0.000132
9.715,0.2828,0.8977,172000,-8.339,5.648e-05
10.25,0.02146,0.8512,115000,-8.378,8.913e-05
56860,0.02534,0.7844,312400000,-65.14,0.000182
178600,0.01302,0.7226,515400000,-54.29,0.0003465
37320,0.01197,0.7196,116800000,-9.46,0.0003195
67260,0.02259,0.7808,387200000,-13.52,0.0001737
52630,0.02289,0.8505,708100000,-13.33,7.433e-05
57430,0.01281,0.725,196800000,-8.951,0.0002918
52970,0.01761,0.8612,751400000,-10.59,7.05e-05
203100,0.01397,0.7681,982100000,-61.13,0.0002068
199600,0.02608,0.7698,967700000,-33.25,0.0002063
51900,0.02568,0.8738,939200000,-15.26,5.526e-05
22090,0.03403,0.836,209600000,-63.13,0.0001054
8.805,0.02439,0.7804,33020,-71.74,0.0002667
73020,0.01189,0.6922,166300000,-7.658,0.0004391
33160,0.01927,0.8058,264300000,-19.04,0.0001255
39280,0.0238,0.8464,459300000,-65.64,8.552e-05
85320,0.05929,0.6762,133100000,-79.19,0.000641
151800,0.01514,0.7124,379300000,-55.57,0.0004002
15.27,0.05177,0.8401,132400,-66.66,0.0001153
161000,0.01195,0.6537,228200000,-59.31,0.0007055
50040,0.02512,0.7504,191400000,-21.05,0.0002614
62010,0.01538,0.8322,698400000,-7.621,8.879e-05
15.46,0.3817,0.8503,173500,-10.75,8.911e-05
50660,0.01573,0.7725,257200000,-60.81,0.000197
150300,0.0124,0.7208,454200000,-17.6,0.0003309
131500,0.025,0.7689,618600000,-69.6,0.0002126
103000,0.01586,0.7712,522400000,-62.18,0.0001972
144500,0.02366,0.6781,215400000,-71.04,0.0006708
38270,0.02129,0.8883,732700000,-72.77,5.223e-05
42670,0.01397,0.6969,97170000,-12.48,0.0004391
402200,0.02582,0.6967,888300000,-22.42,0.0004528
